Day,Order No,Part No,Brand,Start Date,Lot Size,Picks,Hours,Country,Wrap Type,CPU,Suggested Line,Qty/Hr,Picks/Hr,Picks/Qty
Day 1,9715445,NS59021699,BVI,2025-12-02,30.0,18.0,1.619065614,France,D113/D256,10.0,C1,18.529205821302806,11.117523492781684,0.6
Day 1,9720983,590235,BVI,2026-01-23,50.0,26.0,2.16773073,UK,D142,10.0,C2,23.065595421069663,11.994109618956225,0.52
Day 1,9722236,590111,BVI,2026-02-06,40.0,7.0,0.97699156,Japan,D113/D256,20.0,C3/4,40.94201182249722,7.164852068937013,0.175
Day 1,9709482,588757,BVI,2025-12-04,1800.0,20.0,82.64691198000001,UK,D113/D256,10.0,No Info,21.779398127247486,0.24199331252497205,0.011111111111111112
Day 1,9721222,590389,BVI,2026-01-08,1968.0,17.0,80.3858065152,UK,D113/D256,12.0,C1,24.48193388005474,0.21148011989884685,0.008638211382113821
Day 1,9718017,588985,BVI,2026-01-13,3000.0,6.0,74.8090485,France,D113/D256,40.0,C3/4,40.10210075055292,0.08020420150110584,0.002
Day 1,9718783,590004,BVI,2026-01-13,3000.0,8.0,73.274367,UK,D120,40.0,C3/4,40.94201182249722,0.10917869819332592,0.0026666666666666666
Day 1,9718775,592029,BVI,2026-01-13,1800.0,19.0,71.36520786,UK,D113/D256,10.0,C1,25.222374515199796,0.26623617543822004,0.010555555555555556
Day 1,9722099,588718,BVI,2026-02-03,120.0,5.0,2.8102495679999997,Germany,D120,40.0,No Info,42.70083389262886,1.7792014121928692,0.041666666666666664
Day 2,9721027,591383,BVI,2026-01-23,30.0,10.0,0.8901513480000001,France,D113/D256,5.0,C1,33.70213398811816,11.234044662706054,0.3333333333333333
Day 2,9721841,NS59092999,BVI,2026-01-30,30.0,24.0,1.305669555,UK,D113/D256,10.0,C2,22.97671710664955,18.381373685319637,0.8
Day 2,9721832,591960,BVI,2026-01-30,42.0,11.0,1.4884251480000004,Belgium,D113/D256,7.0,C3/4,28.21774414147428,7.390361560862312,0.2619047619047619
Day 2,9720832,588508,BVI,2026-01-21,2000.0,10.0,54.9231588,UK,D120,20.0,C3/4,36.41451154116795,0.18207255770583974,0.005
Day 2,9718776,590768,BVI,2026-01-14,2000.0,8.0,50.7813426,UK,D120,25.0,C3/4,39.38454356659723,0.15753817426638891,0.004
Day 2,9721552,590064,BVI,2026-01-21,2000.0,9.0,50.7813426,Spain,D120,50.0,C3/4,39.38454356659723,0.17723044604968755,0.0045
Day 2,9717808,591729,BVI,2026-01-07,2160.0,5.0,50.584492223999995,Ireland,D120,20.0,C3/4,42.70083389262886,0.09884452289960384,0.0023148148148148147
Day 2,9719069,591344,BVI,2026-01-21,1800.0,4.0,41.53308732,Spain,D120,75.0,C3/4,43.33894049656215,0.09630875665902701,0.0022222222222222222
Day 2,9719725,588325,BVI,2026-01-28,900.0,25.0,39.864907980000005,France,D113/D256,5.0,C2,22.576246769502763,0.6271179658195212,0.027777777777777776
Day 2,9716588,589984,BVI,2025-12-22,1008.0,14.0,32.9524615728,UK,D113/D256,12.0,C1,30.589520536214966,0.42485445189187454,0.013888888888888888
Day 2,9719103,588668,BVI,2026-01-22,1140.0,10.0,32.947095084000004,France,D113/D256,20.0,C3/4,34.600926032887635,0.30351689502533014,0.008771929824561403
Day 2,9717993,590306,BVI,2026-01-12,980.0,12.0,30.718413404,Austria,D113/D256,35.0,C1,31.90268934502943,0.3906451756534216,0.012244897959183673
Day 3,9721035,591387,BVI,2026-01-23,35.0,16.0,1.2864475715,Italy,D113/D256,5.0,C1,27.20670532977099,12.43735100789531,0.45714285714285713
Day 3,9721928,590180,BVI,2026-01-30,32.0,22.0,1.3810134752,UK,D113/D256,8.0,C2,23.171388675527385,15.930329714425078,0.6875
Day 3,9722141,591125,BVI,2026-02-06,75.0,8.0,1.9043003475,Germany,D120,15.0,C3/4,39.38454356659723,4.2010179804370384,0.10666666666666667
Day 3,9720654,588758,BVI,2026-01-15,750.0,15.0,30.7027716,France,D113/D256,5.0,C1,24.42776208516628,0.4885552417033256,0.02
Day 3,9721674,588342,BVI,2026-01-29,780.0,17.0,29.898724674,France,D113/D261,5.0,No Info,26.088069257291426,0.5685861248384029,0.021794871794871794
Day 3,9718067,591652,BVI,2026-01-15,1000.0,9.0,28.5427178,UK,D120,20.0,C3/4,35.035206072772795,0.3153168546549551,0.009
Day 3,9720981,590225,BVI,2026-01-22,1056.0,10.0,27.8946314592,Japan,D120,24.0,C3/4,37.85674679174576,0.35849192037638034,0.00946969696969697
Day 3,9720750,591354,BVI,2026-01-15,700.0,11.0,25.44373552,France,D113/D256,7.0,C1,27.511683551724012,0.4323264558128059,0.015714285714285715
Day 3,9717988,590955,BVI,2026-01-12,1000.0,7.0,25.443382800000002,Austria,D113/D256,50.0,C3/4,39.302949920637126,0.27512064944445985,0.007
Day 3,9720552,591601,BVI,2026-01-08,940.0,7.0,25.149744555999998,Italy,D113/D256,20.0,C3/4,37.37612514938023,0.2783328468570868,0.007446808510638298
Day 3,9720804,589921,BVI,2026-01-15,658.0,14.0,24.2198294212,France,D113/D256,7.0,C1,27.167821397785822,0.5780387531443792,0.02127659574468085
Day 3,9719073,590924,BVI,2026-01-22,800.0,8.0,23.22543928,Spain,D113/D256,50.0,C3/4,34.44498897762075,0.3444498897762075,0.01
Day 3,9721541,588934,BVI,2026-01-23,568.0,4.0,22.836563216052795,UK,D120,0.0,No Info,24.872394091275897,0.1751577048681401,0.007042253521126761
Day 3,9722435,590327,BVI,2026-02-12,252.0,29.0,20.970257338800003,Italy,D148,4.0,C2,12.017019911994097,1.3829110216183684,0.11507936507936507
Day 3,9721463,592023,BVI,2026-01-15,564.0,17.0,21.1479448404,Denmark,D113/D256,12.0,C1,26.66925813625927,0.803860617582283,0.030141843971631204
Day 3,9721082,591330,BVI,2026-01-22,520.0,19.0,21.048761708,Italy,D113/D256,5.0,C1,24.704541160840055,0.9026659270306943,0.03653846153846154
Day 3,9719041,591730,BVI,2026-01-19,560.0,14.0,20.583161144,Austria,D113/D256,8.0,C1,27.20670532977099,0.6801676332442748,0.025
Day 3,9722128,590278,BVI,2026-02-05,680.0,12.0,20.338039828,Japan,D120,20.0,C3/4,33.434883880196914,0.5900273625917103,0.01764705882352941
Day 3,9721057,590848,BVI,2026-01-22,430.0,20.0,17.755540693,Italy,D113/D256,5.0,C2,24.217792487137523,1.1264089528901173,0.046511627906976744
Day 4,9720849,590592,BVI,2026-01-23,40.0,15.0,1.438942248,Japan,D113/D256,20.0,C1,27.79819694334251,10.42432385375344,0.375
Day 4,9721969,590070,BVI,2026-01-30,30.0,25.0,1.3884225840000002,UK,D113/D256,6.0,C2,21.607254409223867,18.006045341019888,0.8333333333333334
Day 4,9721811,591604,BVI,2026-01-30,72.0,11.0,2.1585451824,Italy,D113/D256,12.0,C3/4,33.355799353686024,5.096024901257587,0.1527777777777778
Day 4,9721665,588924,BVI,2026-01-22,315.0,26.0,19.5045839415,UK,D120,15.0,C2,16.150049698305683,1.333019975098247,0.08253968253968254
Day 4,9721143,590949,BVI,2026-01-26,296.0,26.0,18.681740744,Austria,D113/D256,4.0,C2,15.844347914691307,1.391733262776939,0.08783783783783784
Day 4,9721583,591467,BVI,2026-01-22,492.0,15.0,17.074096366800003,Italy,D113/D256,12.0,C1,28.815580598260954,0.8785237987274681,0.03048780487804878
Day 4,9720979,588569,BVI,2026-01-22,300.0,19.0,16.957743179999998,France,D113/D256,4.0,C2,17.69103334185534,1.1204321116508384,0.06333333333333334
Day 4,9722049,590619,BVI,2026-01-29,600.0,9.0,16.71075954,Denmark,D113/D256,30.0,C3/4,35.905010694684435,0.5385751604202665,0.015
Day 4,9721989,588623,BVI,2026-01-29,625.0,6.0,15.581796062499999,France,D113/D256,25.0,C3/4,40.110908748456744,0.3850647239851847,0.0096
Day 4,9721662,590711,BVI,2026-01-22,520.0,10.0,15.02566416,France,D113/D256,20.0,C3/4,34.607455248753546,0.6655279855529528,0.019230769230769232
Day 4,9722390,588627,BVI,2026-02-10,360.0,14.0,14.404001328,Austria,D113/D256,5.0,C1,24.993055179757203,0.9719521458794467,0.03888888888888889
Day 4,9720857,590663,BVI,2026-01-22,250.0,21.0,14.117587625,UK,D113/D256,10.0,C2,17.708407883885897,1.4875062622464155,0.084
Day 4,9721132,588901S,BVI,2026-01-27,244.0,22.0,13.9748280864,Austria,D113/D256,4.0,C2,17.459964336695883,1.5742590795381535,0.09016393442622951
Day 4,9720910,588511,BVI,2026-01-22,500.0,17.0,13.92839945,UK,D113/D256,10.0,C1,35.897879134992785,1.2205278905897547,0.034
Day 4,9721772,591736,BVI,2026-01-29,336.0,22.0,13.850576678400001,France,D113/D256,8.0,C2,24.258917718855173,1.5883815173059934,0.06547619047619048
Day 4,9718851,591937,BVI,2026-01-15,344.0,15.0,13.2727916304,France,D113/D256,8.0,C1,25.917682547814767,1.1301315064454114,0.0436046511627907
Day 4,9721062,591367,BVI,2026-01-22,340.0,14.0,13.259342304,Spain,D113/D256,10.0,C1,25.64229749898159,1.0558593087815948,0.041176470588235294
Day 4,9722009,591064,BVI,2026-01-29,300.0,17.0,12.91562556,Belgium,D113/D256,6.0,C1,23.227678644471325,1.3162351231867084,0.056666666666666664
Day 4,9720873,588775,BVI,2026-01-22,204.0,31.0,12.5349374268,Ireland,D113/D256,12.0,C2,16.27451283193828,2.473087734265131,0.15196078431372548
Day 4,9721136,590203,BVI,2026-01-27,280.0,22.0,12.432801696,Austria,D113/D256,4.0,C2,22.521070217832257,1.7695126599725346,0.07857142857142857
Day 4,9715572,591927,BVI,2025-12-23,400.0,13.0,12.345717520000001,UK,D113/D256,20.0,C1,32.399898940827214,1.0529967155768845,0.0325
Day 4,9722211,592010,BVI,2026-02-05,287.0,22.0,12.069748034400002,Belgium,D113/D256,7.0,C2,23.778458272867088,1.8227389616831915,0.07665505226480836
Day 4,9721479,588633,BVI,2026-01-16,272.0,10.0,12.0027617088,France,D113/D256,16.0,C1,22.66145130587565,0.8331415921277813,0.03676470588235294
Day 4,9721145,591237,BVI,2026-01-27,272.0,20.0,11.9990650656,Austria,D113/D256,8.0,C2,22.66843279146757,1.66679652878438,0.07352941176470588
Day 4,9722349,590421,BVI,2026-02-06,295.0,19.0,11.9501860635,Italy,D113/D256,5.0,C1,24.685808106455514,1.5899334034666261,0.06440677966101695
Day 4,9721069,591583,BVI,2026-01-23,325.0,15.0,11.945584592500001,France,D113/D256,5.0,C1,27.20670532977099,1.2556940921432764,0.046153846153846156
Day 4,9720769,591726,BVI,2026-01-16,380.0,11.0,11.887215936,Ireland,D113/D256,20.0,C3/4,31.967115096242498,0.9253638580491249,0.02894736842105263
Day 4,9720793,591602,BVI,2026-01-16,320.0,16.0,11.747555648,Italy,D113/D256,10.0,C1,27.23970922874321,1.3619854614371603,0.05
Day 4,9721053,590837,BVI,2026-01-23,300.0,18.0,11.7457791,Italy,D113/D256,5.0,C1,25.541089905223913,1.5324653943134348,0.06
Day 4,9722314,588625,BVI,2026-02-06,285.0,20.0,11.5450950105,France,D113/D256,5.0,C2,24.68580810645551,1.7323374109793341,0.07017543859649122
Day 4,9720893,588103,BVI,2026-01-23,175.0,26.0,11.525430559999998,France,D113/D256,7.0,No Info,15.183814529875578,2.255881015867229,0.14857142857142858
Day 5,9721038,591549,BVI,2026-01-23,60.0,16.0,2.202666684,France,D113/D256,10.0,C1,27.23970922874321,7.263922460998189,0.26666666666666666
Day 5,9721685,591218,BVI,2026-01-30,36.0,25.0,1.623227994,UK,D113/D256,12.0,C2,22.178030525020628,15.40141008681988,0.6944444444444444
Day 5,9721786,591579,BVI,2026-01-30,300.0,2.0,2.5042730399999997,Japan,None,50.0,C3/4,119.79524405214218,0.7986349603476146,0.006666666666666667
Day 5,9722144,591294,BVI,2026-02-06,250.0,19.0,11.2274751,France,D113/D256,10.0,C1,22.26680511631685,1.6922771888400805,0.076
Day 5,9720947,588912,BVI,2026-01-23,195.0,21.0,11.176367942999999,France,D113/D256,5.0,C2,17.447528659982307,1.8789646249211718,0.1076923076923077
Day 5,9721104,591939,BVI,2026-01-23,190.0,29.0,11.161925193,Italy,D113/D256,5.0,C2,17.022153142466415,2.5981181112185583,0.15263157894736842
Day 5,9720850,590597,BVI,2026-01-23,400.0,10.0,10.81877572,Japan,D120,20.0,C3/4,36.97276016735838,0.9243190041839596,0.025
Day 5,9720752,591156,BVI,2026-01-16,340.0,12.0,10.797250154,Italy,D113/D256,10.0,C1,31.489499191981025,1.111394089128742,0.03529411764705882
Day 5,9721083,591693,BVI,2026-01-23,196.0,23.0,10.5518935536,Sweden,D113/D256,7.0,C2,18.57486516561101,2.1797035653523125,0.11734693877551021
Day 5,9722271,589937,BVI,2026-02-06,260.0,19.0,10.426352456,France,D113/D256,13.0,C1,24.93681285926404,1.8223055551000644,0.07307692307692308
Day 5,9720686,590073,BVI,2026-01-16,280.0,15.0,10.306310392,Spain,D113/D256,5.0,C1,27.167821397785822,1.4554190034528118,0.05357142857142857
Day 5,9721004,592008,BVI,2026-01-23,272.0,18.0,10.2116996176,Belgium,D113/D256,8.0,C1,26.636114475126586,1.7626840461480828,0.0661764705882353
Day 5,9720830,588726,BVI,2026-01-23,450.0,4.0,9.73718766,Spain,D120,75.0,No Info,46.21457608838978,0.41079623189679804,0.008888888888888889
Day 5,9720988,588553,BVI,2026-01-23,224.0,18.0,9.639495532800002,France,D113/D256,7.0,No Info,23.2377305677255,1.8673176349065135,0.08035714285714286
Day 5,9721689,591187,BVI,2026-01-30,210.0,23.0,9.314484879,Poland,D113/D256,7.0,C2,22.545530185298396,2.46927235362792,0.10952380952380952
Day 5,9722047,590449,BVI,2026-01-30,248.0,17.0,9.3087676928,UK,D113/D256,8.0,C1,26.64155000793705,1.8262352828021364,0.06854838709677419
Day 5,9721127,590445S,BVI,2026-01-27,152.0,24.0,9.2373297272,Austria,D113/D256,4.0,C2,16.454971781772038,2.598153439227164,0.15789473684210525
Day 5,9721058,591799,BVI,2026-01-23,215.0,20.0,8.871791648,Italy,D113/D256,5.0,C2,24.23411285233104,2.2543360792866087,0.09302325581395349
Day 5,9722102,588854,BVI,2026-02-03,120.0,24.0,8.729318963999999,Austria,D113/D256,5.0,C2,13.746776867116894,2.749355373423379,0.2
Day 5,9721086,591995,BVI,2026-01-23,304.0,10.0,8.699692457600001,Spain,D113/D256,8.0,C1,34.943763987246165,1.1494659206330975,0.03289473684210526
Day 5,9720961,588207,BVI,2026-01-23,133.0,24.0,8.542224063799999,Germany,D113/D256,7.0,No Info,15.569715686061635,2.809572755379543,0.18045112781954886
Day 5,9720948,588314,BVI,2026-01-23,280.0,10.0,8.394342375999999,UK,D120,20.0,No Info,33.355799353686024,1.1912785483459296,0.03571428571428571
Day 5,9721023,591347,BVI,2026-01-23,160.0,14.0,8.183195504,France,D113/D256,20.0,C1,19.552264139576153,1.7108231122129132,0.0875
Day 5,9722093,588055,BVI,2026-02-03,80.0,35.0,7.9197208,Austria,D113/D256,5.0,C2,10.10136619967714,4.419347712358749,0.4375
Day 5,9721903,588447,BVI,2026-01-30,255.0,23.0,7.654967502,UK,None,15.0,C2,33.311702490360226,3.0045849305030794,0.09019607843137255
Day 5,9720894,588698,BVI,2026-01-23,240.0,10.0,7.5856998959999995,Germany,D113/D267,20.0,No Info,31.63847809568026,1.3182699206533441,0.041666666666666664
Day 5,9720943,588185,BVI,2026-01-23,136.0,20.0,7.5723580624,France,D113/D256,8.0,C2,17.960059320926494,2.641185194253896,0.14705882352941177
Day 5,9721882,590112,BVI,2026-01-30,136.0,20.0,7.5723580624,France,D113/D256,8.0,C2,17.960059320926494,2.641185194253896,0.14705882352941177
Day 5,9720863,590422,BVI,2026-01-23,275.0,10.0,7.551934335,Japan,D120,25.0,C3/4,36.41451154116795,1.3241640560424708,0.03636363636363636
Day 5,9722092,588960,BVI,2026-02-03,140.0,21.0,7.2442947360000005,Germany,D113/D256,5.0,C2,19.325552742115818,2.8988329113173728,0.15
Day 5,9721550,588965,BVI,2026-01-23,180.0,18.0,7.236939047340674,France,D113/D256,0.0,No Info,24.872394091275897,2.48723940912759,0.1
Day 5,9720969,588598,BVI,2026-01-23,140.0,15.0,7.217167972,France,D113/D256,5.0,C1,19.398190612044687,2.0783775655762167,0.10714285714285714
Day 5,9720990,590237,BVI,2026-01-23,172.0,20.0,7.162476804000001,Spain,D113/D256,4.0,C2,24.01403937586839,2.7923301599846964,0.11627906976744186
Day 5,9720921,589615,BVI,2026-01-23,90.0,34.0,7.108260597,Ireland,D113/D256,6.0,C2,12.661325337169542,4.783167349597383,0.37777777777777777
Day 5,9722001,588831,BVI,2026-01-30,120.0,20.0,7.1025210119999995,France,D113/D256,6.0,C2,16.89540936200753,2.8159015603345887,0.16666666666666666
Day 5,9720971,590185,BVI,2026-01-23,200.0,15.0,7.034246260000001,Italy,D113/D256,10.0,C1,28.43232844111431,2.1324246330835734,0.075
Day 5,9721011,590820,BVI,2026-01-23,240.0,10.0,6.93492192,Italy,D113/D256,20.0,C3/4,34.607455248753546,1.4419773020313977,0.041666666666666664
Day 5,9721692,591492,BVI,2026-01-30,300.0,4.0,6.922181220000001,Spain,D113/D256,50.0,C3/4,43.338940496562145,0.577852539954162,0.013333333333333334
Day 5,9721006,591297,BVI,2026-01-23,150.0,20.0,6.8872426650000005,Belgium,D113/D256,5.0,C2,21.779398127247486,2.9039197502996648,0.13333333333333333
Day 5,9718712,590692,BVI,2026-01-09,210.0,13.0,6.865096160999999,Japan,D113/D256,15.0,C1,30.589520536214966,1.8936369855752122,0.06190476190476191
Day 5,9721134,588590S,BVI,2026-01-27,144.0,20.0,6.7383501264,Austria,D113/D256,4.0,C2,21.370216343586286,2.968085603275873,0.1388888888888889
Day 5,9721809,591406,BVI,2026-01-30,203.0,13.0,6.7114050052,Italy,D113/D256,7.0,C1,30.24701978836257,1.9370012672350416,0.06403940886699508
Day 5,9721094,591996,BVI,2026-01-23,231.0,10.0,6.6106215714,Spain,D113/D256,7.0,C3/4,34.943763987246165,1.5127170557249423,0.04329004329004329
Day 5,9721959,590006,BVI,2026-01-30,140.0,25.0,6.48775407,France,D113/D256,5.0,C2,21.579116361295736,3.853413635945667,0.17857142857142858
Day 5,9722180,591849,BVI,2026-02-06,160.0,16.0,6.479995504,France,D113/D256,8.0,C1,24.691375156238074,2.469137515623807,0.1
Day 5,9720861,590742,BVI,2026-01-23,132.0,13.0,6.437267192400001,France,D113/D256,4.0,C1,20.50559593919645,2.019490509163287,0.09848484848484848
Day 5,9720942,589861,BVI,2026-01-23,174.0,16.0,6.333085551599999,France,D113/D256,6.0,C1,27.474759117384796,2.5264146314836595,0.09195402298850575
Day 5,9722096,589862,BVI,2026-02-03,108.0,31.0,6.2533017252,Austria,D113/D256,6.0,C2,17.270876210046595,4.957381134365225,0.28703703703703703
Day 5,9721992,590300,BVI,2026-01-30,150.0,19.0,6.184656780000001,France,D113/D256,5.0,C1,24.253569007268336,3.0721187409206556,0.12666666666666668
Day 5,9722232,590208,BVI,2026-02-06,110.0,20.0,6.125188223,France,D113/D256,10.0,C1,17.95863179958315,3.2652057817423907,0.18181818181818182
Day 6,9718891,591106,BVI,2026-01-16,100.0,15.0,3.4539005300000003,Japan,D120,20.0,C1,28.952773576255826,4.342916036438374,0.15
Day 6,9721128,590446S,BVI,2026-01-27,40.0,19.0,2.191940224,Austria,D113/D256,4.0,C2,18.248672825121712,8.668119591932813,0.475
Day 6,9722197,591571,BVI,2026-02-06,140.0,7.0,3.6099758939999997,Belgium,D113/D256,20.0,C3/4,38.781422400268255,1.9390711200134125,0.05
Day 6,9722106,NS58935699,BVI,2026-02-04,108.0,10.0,6.0173006760000005,UK,D113/D256,12.0,No Info,17.948247198408737,1.6618747405934013,0.09259259259259259
Day 6,9722295,589513,BVI,2026-02-06,147.0,28.0,5.984453275500001,Ireland,D113/D256,7.0,C2,24.563647376412703,4.678789976459562,0.19047619047619047
Day 6,9722070,590695,BVI,2026-01-30,225.0,11.0,5.9434584075,Germany,D120,25.0,C3/4,37.85674679174576,1.8507742875964597,0.04888888888888889
Day 6,9720856,590686,BVI,2026-01-23,120.0,22.0,5.9052107760000005,Italy,D113/D256,10.0,C2,20.321035870168235,3.7255232428641762,0.18333333333333332
Day 6,9722091,590234,BVI,2026-02-03,96.0,28.0,5.8341029856,Austria,D113/D256,4.0,C2,16.454971781772038,4.799366769683511,0.2916666666666667
Day 6,9722277,588133,BVI,2026-02-06,133.0,17.0,5.7259273316,Germany,D113/D256,7.0,C1,23.227678644471325,2.9689514056843045,0.12781954887218044
Day 6,9721793,591580,BVI,2026-01-28,64.0,48.0,5.4344993728,Belgium,D113/D256,4.0,C2,11.776613742992389,8.832460307244292,0.75
Day 6,9721010,591862,BVI,2026-01-23,125.0,20.0,5.39855335,France,D113/D256,5.0,C2,23.154351155944397,3.7046961849511035,0.16
Day 6,9722328,591070,BVI,2026-02-06,85.0,26.0,5.364689064999999,Belgium,D113/D256,5.0,C2,15.844347914691307,4.8465064209644,0.3058823529411765
Day 6,9721063,591737,BVI,2026-01-23,145.0,15.0,5.329568510500001,France,D113/D256,5.0,C1,27.20670532977099,2.8144867582521713,0.10344827586206896
Day 6,9722155,591622,BVI,2026-02-06,210.0,5.0,5.030806158,Italy,D120,30.0,C3/4,41.74281286231979,0.9938764967218998,0.023809523809523808
Day 6,9721051,591901,BVI,2026-01-23,119.0,22.0,5.0219921612,France,D113/D256,7.0,C2,23.695775736050745,4.3807316486816505,0.18487394957983194
Day 6,9721910,590939,BVI,2026-01-30,200.0,6.0,4.98617474,Spain,D113/D256,50.0,C3/4,40.11090874845674,1.2033272624537021,0.03
Day 6,9722202,591946,BVI,2026-02-06,200.0,5.0,4.97123082,Spain,D113/D256,40.0,C3/4,40.23148536884876,1.005787134221219,0.025
Day 6,9721044,591469,BVI,2026-01-23,130.0,15.0,4.880591729000001,France,D113/D256,5.0,C1,26.636114475126583,3.0733978240530675,0.11538461538461539
Day 6,9722387,588789N,BVI,2026-02-10,80.0,25.0,4.636573536,Austria,D113/D256,5.0,C2,17.254120824106778,5.391912757533368,0.3125
Day 6,9722173,591905,BVI,2026-02-06,119.0,14.0,4.5914598954,Denmark,D113/D256,7.0,C1,25.917682547814767,3.0491391232723255,0.11764705882352941
Day 6,9721046,591674,BVI,2026-01-23,140.0,12.0,4.496578296,Italy,D113/D256,7.0,C1,31.134785337673122,2.668695886086268,0.08571428571428572
Day 6,9722348,588780,BVI,2026-02-06,100.0,24.0,4.4306632200000005,UK,D113/D256,10.0,C2,22.569984454832923,5.416796269159902,0.24
Day 6,9721790,591366,BVI,2026-01-30,105.0,20.0,4.332735456,Italy,D113/D256,5.0,C2,24.23411285233104,4.616021495682103,0.19047619047619047
Day 6,9721950,588104,BVI,2026-01-30,63.0,28.0,4.2853020398999995,France,D113/D256,7.0,No Info,14.701414139170025,6.533961839631122,0.4444444444444444
Day 6,9721081,591531,BVI,2026-01-23,120.0,15.0,4.2612802080000005,Italy,D113/D256,10.0,C1,28.160551323218684,3.5200689154023355,0.125
Day 6,9722190,591364,BVI,2026-02-06,70.0,30.0,4.1643246959999995,France,D113/D256,5.0,C2,16.80944813626992,7.204049201258538,0.42857142857142855
Day 6,9721980,588098,BVI,2026-01-30,98.0,15.0,4.1137167862,France,D113/D256,7.0,C1,23.82273867971509,3.6463375530176156,0.15306122448979592
Day 6,9722089,588318,BVI,2026-02-03,64.0,26.0,4.039295296,Austria,D113/D256,4.0,C2,15.844347914691307,6.436766340343343,0.40625
Day 6,9721862,590199,BVI,2026-01-30,100.0,18.0,3.9152596999999996,France,D113/D256,5.0,C1,25.541089905223913,4.5973961829403045,0.18
Day 6,9721967,588206,BVI,2026-01-30,85.0,20.0,3.741321699,France,D113/D256,5.0,C2,22.719243849765512,5.345704435238944,0.23529411764705882
Day 6,9721572,591320,BVI,2026-01-23,105.0,15.0,3.687148395,Italy,D113/D256,5.0,C1,28.477291595420045,4.068184513631435,0.14285714285714285
Day 6,9721724,591675,BVI,2026-01-30,112.0,12.0,3.5972626368,Italy,D113/D256,7.0,C1,31.134785337673122,3.3358698576078347,0.10714285714285714
Day 6,9721687,591279,BVI,2026-01-30,100.0,10.0,3.35237102,Italy,D113/D256,5.0,C1,29.829633833310012,2.9829633833310014,0.1
Day 6,9722006,590325,BVI,2026-01-30,100.0,12.0,3.3026355099999996,UK,D113/D256,20.0,C1,30.278848421877477,3.633461810625297,0.12
Day 6,9722016,591072,BVI,2026-01-30,65.0,24.0,3.295396299,Belgium,D113/D256,5.0,C2,19.72448655711742,7.282887344166432,0.36923076923076925
Day 6,9721818,591954,BVI,2026-01-30,80.0,16.0,3.0034410640000004,Spain,D113/D256,5.0,C1,26.636114475126583,5.327222895025317,0.2
Day 6,9722237,588377,BVI,2026-02-06,40.0,36.0,2.9867334359999997,Denmark,D113/D261,5.0,No Info,13.392557741466957,12.05330196732026,0.9
Day 6,9722146,591317,BVI,2026-02-06,80.0,17.0,2.936888912,Denmark,D113/D256,20.0,C1,27.23970922874321,5.788438211107931,0.2125
Day 6,9721889,588463,BVI,2026-01-30,100.0,7.0,2.67550474,Spain,D120,50.0,No Info,37.37612514938022,2.6163287604566157,0.07
Day 6,9721921,588455,BVI,2026-01-30,50.0,24.0,2.5879758749999997,Belgium,D113/D256,5.0,No Info,19.320118275832076,9.273656772399397,0.48
Day 6,9721722,591667,BVI,2026-01-30,70.0,15.0,2.572895143,Italy,D120,5.0,C1,27.20670532977099,5.830008284950926,0.21428571428571427
Day 6,9721142,591900,BVI,2026-01-27,60.0,17.0,2.572778292,Belgium,D113/D256,6.0,C1,23.32109229410429,6.6076428166628824,0.2833333333333333
Day 6,9722021,588585,BVI,2026-01-30,64.0,17.0,2.4655325504,UK,D120,16.0,C1,25.957880778989047,6.895062081918965,0.265625
Day 6,9721138,591645,BVI,2026-01-27,60.0,19.0,2.378840262,Austria,D113/D256,10.0,C1,25.222374515199792,7.987085263146601,0.31666666666666665
Day 6,9721804,591428,BVI,2026-01-30,60.0,15.0,2.378840262,Italy,D113/D256,10.0,C1,25.222374515199792,6.305593628799948,0.25
Day 6,9721813,591948,BVI,2026-01-30,60.0,18.0,2.347155324,Spain,D113/D256,5.0,C1,25.562858745005663,7.668857623501698,0.3
Day 6,9722276,589957,BVI,2026-02-06,60.0,19.0,2.319017502,UK,D142,15.0,C1,25.873025946657993,8.193124883108364,0.31666666666666665
Day 6,9722370,590586,BVI,2026-02-06,50.0,19.0,2.287496,Denmark,D113/D256,10.0,C1,21.857961718840166,8.306025453159263,0.38
Day 6,9721784,591564,BVI,2026-01-30,60.0,16.0,2.1808916160000003,France,D113/D256,5.0,C1,27.51168355172401,7.336448947126402,0.26666666666666666
Day 6,9722368,590117,BVI,2026-02-06,60.0,15.0,2.1587739299999997,Italy,D113/D256,10.0,C1,27.793554093920342,6.9483885234800855,0.25
Day 6,9722384,590276,BVI,2026-02-10,50.0,13.0,1.65555756,Austria,D113/D256,10.0,C1,30.20130571600301,7.8523394861607825,0.26
Day 6,9721735,592044,BVI,2026-01-30,32.0,23.0,1.6223489472000001,Belgium,D113/D256,8.0,No Info,19.72448655711742,14.176974712928144,0.71875
Day 6,9720900,588744,BVI,2026-01-23,25.0,27.0,1.5914167949999998,Denmark,D113/D256,5.0,Offline,15.709272441101769,16.96601423638991,1.08
Day 6,9721590,592009,BVI,2026-01-23,24.0,20.0,1.5414539663999998,Belgium,D113/D256,6.0,Offline,15.569715686061635,12.974763071718028,0.8333333333333334
Day 6,9722004,588565,BVI,2026-01-30,30.0,23.0,1.5209521380000002,Belgium,D113/D256,5.0,No Info,19.72448655711742,15.122106360456687,0.7666666666666667
Day 6,9722345,588677,BVI,2026-02-06,35.0,21.0,1.4719204920000002,Italy,D113/D265,5.0,No Info,23.778458272867088,14.267074963720253,0.6
Day 6,9720912,588201,BVI,2026-01-23,28.0,22.0,1.4195553288,Germany,D113/D256,7.0,Offline,19.72448655711742,15.497810866306544,0.7857142857142857
Day 6,9719042,591893,BVI,2026-01-20,20.0,34.0,1.40138162,Austria,D113/D256,5.0,Offline,14.271630021806622,24.26177103707126,1.7
Day 6,9722356,588681,BVI,2026-02-06,36.0,17.0,1.3498688196000002,Italy,D113/D265,12.0,No Info,26.66925813625927,12.593816342122432,0.4722222222222222
Day 6,9721660,588958,BVI,2026-01-23,20.0,11.0,1.116617504,Belgium,D113/D256,0.0,Offline,17.911236326096496,9.851179979353073,0.55
Day 6,9718835,592025,BVI,2026-01-16,25.0,5.0,0.598905495,Germany,D113/D256,25.0,Offline,41.74281286231979,8.348562572463958,0.2
Remainder,9720820,588704,BVI,2026-01-20,9.0,29.0,0.5740075701,Japan,D113/D256,9.0,Offline,15.679235725814689,50.521981783180664,3.2222222222222223
Remainder,9721658,588938,BVI,2026-01-23,9.0,20.0,0.5805320994000001,France,D113/D256,9.0,Offline,15.503018712146684,34.451152693659296,2.2222222222222223
Remainder,9721047,590834,BVI,2026-01-23,20.0,10.0,0.5779101600000001,Denmark,D113/D256,20.0,Offline,34.60745524875354,17.30372762437677,0.5
Remainder,9721093,591964,BVI,2026-01-23,14.0,14.0,0.5459729184,Belgium,D113/D256,7.0,Offline,25.64229749898159,25.64229749898159,1.0
Remainder,9720874,588076,BVI,2026-01-23,15.0,16.0,0.5352044715000001,UK,D120,15.0,Offline,28.0266716717818,29.895116449900584,1.0666666666666667
Remainder,9721065,591207,BVI,2026-01-23,12.0,22.0,0.5128632912,UK,D113/D256,12.0,Offline,23.398048185360164,42.8964216731603,1.8333333333333333
Remainder,9721050,591834,BVI,2026-01-23,15.0,13.0,0.455979786,Italy,D113/D256,15.0,Offline,32.896195095806284,28.510035749698783,0.8666666666666667
Remainder,9721098,591597,BVI,2026-01-23,14.0,10.0,0.4095175714,Belgium,D113/D256,7.0,Offline,34.18656726288644,24.418976616347457,0.7142857142857143
Remainder,9720897,588768,BVI,2026-01-23,10.0,9.0,0.4020521692967041,France,D113/D256,10.0,Offline,24.872394091275897,22.385154682148308,0.9
Remainder,9720878,588781,BVI,2026-01-23,5.0,28.0,0.221317847,Belgium,D113/D256,5.0,Offline,22.59194216723064,126.5148761364916,5.6
Remainder,9722073,588848,BVI,2026-01-30,10.0,29.0,0.558308752,UK,D113/D256,10.0,Offline,17.911236326096496,51.942585345679845,2.9
Remainder,9721915,588448,BVI,2026-01-30,18.0,8.0,0.4716551826,Belgium,D113/D256,9.0,Offline,38.163473367927324,16.96154371907881,0.4444444444444444
Remainder,9721871,590270,BVI,2026-01-30,10.0,18.0,0.42123610799999994,France,D113/D256,5.0,Offline,23.739655290899236,42.73137952361862,1.8
Remainder,9722103,NS58871199,BVI,2026-02-04,10.0,22.0,0.443368109,Italy,D113/D265,0.0,Offline,22.554621762387516,49.620167877252534,2.2
Remainder,9721103,591616,BVI,2026-02-06,14.0,19.0,0.5666974306,Belgium,D113/D256,7.0,Offline,24.704541160840055,33.52759157542579,1.3571428571428572
Remainder,9722266,588509,BVI,2026-02-06,16.0,13.0,0.5536577072,Sweden,D113/D256,16.0,Offline,28.898721704636646,23.480211385017274,0.8125
Remainder,9722338,588772,BVI,2026-02-06,10.0,16.0,0.541500475,France,D113/D256,10.0,Offline,18.467204483984986,29.54752717437598,1.6
Remainder,9722224,588366,BVI,2026-02-06,7.0,28.0,0.4998036134,Denmark,D113/D261,7.0,Offline,14.005500985439653,56.02200394175861,4.0
Remainder,9722316,588683,BVI,2026-02-06,10.0,21.0,0.41221954400000005,Italy,D113/D265,10.0,Offline,24.25891771885517,50.943727209595856,2.1
Remainder,9722273,590850,BVI,2026-02-06,12.0,12.0,0.37614383760000003,Italy,D113/D256,12.0,Offline,31.902689345029426,31.902689345029426,1.0
Remainder,9722182,591762,BVI,2026-02-06,7.0,19.0,0.320178985,Belgium,D113/D256,7.0,Offline,21.862771536988912,59.341808457541326,2.7142857142857144
Remainder,9722226,590188,BVI,2026-02-06,10.0,12.0,0.2991432,UK,D120,10.0,Offline,33.428806003278694,40.114567203934435,1.2
Remainder,9722306,588682,BVI,2026-02-06,5.0,25.0,0.229549089,Italy,D113/D265,5.0,Offline,21.78183334023164,108.9091667011582,5.0
Remainder,9722284,588140,BVI,2026-02-06,5.0,23.0,0.2083848105,Italy,D113/D256,5.0,Offline,23.99407129532601,110.37272795849965,4.6
Remainder,9721999,588559,BVI,2026-01-30,25.0,23.0,1.267460115,Belgium,D113/D256,5.0,Offline,19.72448655711742,18.146527632548025,0.92
Remainder,9722394,588941,BVI,2026-02-10,28.0,20.0,1.230663686,Austria,D113/D256,7.0,Offline,22.751951096410266,16.25139364029305,0.7142857142857143
Remainder,9720927,588410,BVI,2026-01-23,20.0,21.0,1.183069098,Italy,D113/D256,10.0,Offline,16.905183335284782,17.750442502049022,1.05
Remainder,9721020,591113,BVI,2026-01-23,28.0,20.0,1.132751074,UK,D113/D256,7.0,Offline,24.71858172786866,17.656129805620473,0.7142857142857143
Remainder,9720931,588227,BVI,2026-01-23,25.0,24.0,1.1084202725,France,D113/D256,5.0,Offline,22.554621762387512,21.652436891892012,0.96
Remainder,9721588,592015,BVI,2026-01-23,25.0,23.0,1.09806147,France,D113/D256,5.0,Offline,22.767395708730223,20.946004052031807,0.92
Remainder,9721019,591001,BVI,2026-01-23,16.0,31.0,0.9642101808,UK,D113/D256,8.0,Offline,16.593892409147646,32.15066654272356,1.9375
Remainder,9720891,588122,BVI,2026-01-23,28.0,14.0,0.9605687167999999,Spain,D113/D256,4.0,Offline,29.149398174529438,14.574699087264719,0.5
Remainder,9721896,590152,BVI,2026-01-30,25.0,17.0,0.9591954324999998,Belgium,D113/D256,5.0,Offline,26.063510263848137,17.723186979416734,0.68
Remainder,9722353,588610,BVI,2026-02-06,10.0,48.0,0.937984683,Germany,D113/D260,10.0,Offline,10.661154900756518,51.17354352363129,4.8
Remainder,9721931,588459,BVI,2026-01-30,18.0,24.0,0.931671315,Belgium,D113/D256,9.0,Offline,19.320118275832073,25.76015770110943,1.3333333333333333
Remainder,9721581,591447,BVI,2026-01-23,25.0,6.0,0.91847775,Netherlands,D120,20.0,Offline,27.21895005077695,6.532548012186468,0.24
Remainder,9721084,590852,BVI,2026-01-23,24.0,13.0,0.7845824184,Italy,D113/D256,12.0,Offline,30.589520536214962,16.569323623783106,0.5416666666666666
Remainder,9722023,588639,BVI,2026-01-30,20.0,15.0,0.760785676,Italy,D113/D256,5.0,Offline,26.288612720936666,19.7164595407025,0.75
Remainder,9720899,588862,BVI,2026-01-23,25.0,21.0,0.7584430475,France,D113/D256,5.0,Offline,32.96226405187002,27.68830180357082,0.84
Remainder,9721891,588305,BVI,2026-01-30,10.0,22.0,0.754385965,France,D113/D256,5.0,Offline,13.255813951947,29.162790694283398,2.2
Remainder,9722259,590171,BVI,2026-02-06,20.0,16.0,0.735175214,France,D113/D256,10.0,Offline,27.204399195101267,21.763519356081012,0.8
Remainder,9722037,588792,BVI,2026-01-30,25.0,20.0,0.7196354075,France,D113/D256,5.0,Offline,34.739813716017025,27.79185097281362,0.8
Remainder,9722051,588680,BVI,2026-01-30,12.0,21.0,0.6819391152000001,France,D113/D256,4.0,Offline,17.596878859897373,30.794538004820403,1.75
Remainder,9720822,591473,BVI,2026-01-20,12.0,25.0,0.6804441372000001,UK,D113/D256,12.0,Offline,17.63554029487198,36.74070894764996,2.0833333333333335
Remainder,9720898,588804,BVI,2026-01-23,16.0,33.0,0.679937896,Ireland,D113/D256,8.0,Offline,23.531560888319717,48.53384433215942,2.0625
Remainder,9722242,588529,BVI,2026-02-06,17.0,19.0,0.6740047409,France,D113/D256,17.0,Offline,25.222374515199796,28.189712693458596,1.1176470588235294
Remainder,9720866,590426,BVI,2026-01-23,12.0,18.0,0.6476262456,France,D113/D256,6.0,Offline,18.529205821302803,27.793808731954204,1.5
Remainder,9721906,588531,BVI,2026-01-30,14.0,18.0,0.6451683140000001,Denmark,D113/D256,7.0,Offline,21.69976376118186,27.899696264376676,1.2857142857142858
Remainder,9721696,591470,BVI,2026-01-30,10.0,29.0,0.633918502,France,D113/D256,10.0,Offline,15.774898458477239,45.747205529583994,2.9
Remainder,9720890,588739,BVI,2026-01-23,12.0,23.0,0.62111421,Belgium,D113/D256,6.0,Offline,19.320118275832073,37.03022669534481,1.9166666666666667
Remainder,9720926,588226,BVI,2026-01-23,20.0,11.0,0.599595884,France,D113/D256,20.0,Offline,33.355799353686024,18.345689644527315,0.55
Remainder,9722315,588651,BVI,2026-02-06,25.0,5.0,0.598905495,Spain,D113/D265,25.0,Offline,41.74281286231979,8.348562572463958,0.2
