Order No,Part No,Brand,Box Type,Start Date,Lot Size,Country,Wrap Type,CPU,Picks,Frames,Hours,Boxes,Time for Job,Qty/Hr,Picks/Hr,Picks/Qty,Backlog,PB,Shipment,Check,Shift,Steriliser Loc.,Suggested Line,Maximum People per Line,Helper Cell,Efficiency,Actual Hrs (Planned),STD Hours,Sequence,Components,Line based on Components,Line Based on Picks and CPU,Job Nature,,
9722093,588055,BVI,-,2026-02-03,80,Austria,D113/D256,5,35,5,7.9197208,16,0.9899651,10.10136619967714,4.419347712358749,0.4375,-,-,,,,RT/DB,C2,8,,,,,,24,C2,C2,,,
9718835,592025,BVI,-,2026-01-16,25,Germany,D113/D256,25,5,1,0.598905495,1,0.074863186875,41.74281286231979,8.348562572463958,0.2,x,-,Offline,x,,RT/DB,Offline,3,,,,,,5,Offline,Offline,,,
9721980,588098,BVI,-,2026-01-30,98,France,D113/D256,7,15,2,4.1137167862,14,0.514214598275,23.82273867971509,3.6463375530176156,0.15306122448979592,-,-,,,,RT/DB,C1,8,,,,,,11,C1,C1,,,
9720893,588103,BVI,-,2026-01-23,175,France,D113/D256,7,26,4,11.525430559999998,25,1.4406788199999998,15.183814529875578,2.255881015867229,0.14857142857142858,x,-,,,,RT/DB,No Info,8,,,,,,22,C2,C2,,,
9721950,588104,BVI,-,2026-01-30,63,France,D113/D256,7,28,4,4.2853020398999995,9,0.5356627549874999,14.701414139170025,6.533961839631122,0.4444444444444444,-,-,,,,RT/DB,No Info,8,,,,,,24,C2,C2,,,
9720820,588704,BVI,-,2026-01-20,9,Japan,D113/D256,9,29,4,0.5740075701,1,0.0717509462625,15.679235725814689,50.521981783180664,3.2222222222222223,x,-,Offline,x,,DB - UK,Offline,3,,,,,,24,Offline,Offline,,,
9722277,588133,BVI,-,2026-02-06,133,Germany,D113/D256,7,17,3,5.7259273316,19,0.71574091645,23.227678644471325,2.9689514056843045,0.12781954887218044,-,-,,,,RT/DB,C1,8,,,,,,15,C1,C1,,,
9720822,591473,BVI,-,2026-01-20,12,UK,D113/D256,12,25,4,0.6804441372000001,1,0.08505551715000001,17.63554029487198,36.74070894764996,2.0833333333333335,x,-,Offline,x,,DB - UK,Offline,3,,,,,,21,Offline,Offline,,,
9720943,588185,BVI,-,2026-01-23,136,France,D113/D256,8,20,3,7.5723580624,17,0.9465447578,17.960059320926494,2.641185194253896,0.14705882352941177,x,-,,,,RT/DB,C2,8,,,,,,19,C1,C1,,,
9719042,591893,BVI,-,2026-01-20,20,Austria,D113/D256,5,34,5,1.40138162,4,0.1751727025,14.271630021806622,24.26177103707126,1.7,x,-,Offline,x,,RT/DB,Offline,3,,,,,,30,Offline,Offline,,,
9721967,588206,BVI,-,2026-01-30,85,France,D113/D256,5,20,3,3.741321699,17,0.467665212375,22.719243849765512,5.345704435238944,0.23529411764705882,-,-,,,,RT/DB,C2,8,,,,,,11,C1,C1,,,
9720961,588207,BVI,-,2026-01-23,133,Germany,D113/D256,7,24,3,8.542224063799999,19,1.0677780079749999,15.569715686061635,2.809572755379543,0.18045112781954886,x,-,,,,RT/DB,No Info,8,,,,,,17,C1,C2,,,
9720874,588076,BVI,-,2026-01-23,15,UK,D120,15,16,2,0.5352044715000001,1,0.06690055893750001,28.0266716717818,29.895116449900584,1.0666666666666667,x,-,Offline,x,,DB - UK,Offline,3,,,,,,13,Offline,Offline,,,
9720891,588122,BVI,-,2026-01-23,28,Spain,D113/D256,4,14,2,0.9605687167999999,7,0.12007108959999999,29.149398174529438,14.574699087264719,0.5,x,-,Offline,x,,RT/DB,Offline,3,,,,,,11,Offline,Offline,,,
9720912,588201,BVI,-,2026-01-23,28,Germany,D113/D256,7,22,3,1.4195553288,4,0.1774444161,19.72448655711742,15.497810866306544,0.7857142857142857,x,-,,,,RT/DB,Offline,3,,,,,,18,Offline,Offline,,,
9720948,588314,BVI,-,2026-01-23,280,UK,D120,20,10,2,8.394342375999999,14,1.0492927969999999,33.355799353686024,1.1912785483459296,0.03571428571428571,x,-,,,,DB - UK,No Info,8,,,,,,8,C3/4,C1,,,
9722089,588318,BVI,-,2026-02-03,64,Austria,D113/D256,4,26,4,4.039295296,16,0.504911912,15.844347914691307,6.436766340343343,0.40625,-,-,,,,RT/DB,C2,8,,,,,,18,C1,C2,,,
9719725,588325,BVI,-,2026-01-28,900,France,D113/D256,5,25,4,39.864907980000005,180,4.983113497500001,22.576246769502763,0.6271179658195212,0.027777777777777776,-,-,,,,RT/DB,C2,8,,,,,,17,C1,C2,,,
9721674,588342,BVI,-,2026-01-29,780,France,D113/D261,5,17,3,29.898724674,156,3.73734058425,26.088069257291426,0.5685861248384029,0.021794871794871794,-,-,,,,RT/DB,No Info,8,,,,,,13,C1,C1,,,
9720926,588226,BVI,-,2026-01-23,20,France,D113/D256,20,11,2,0.599595884,1,0.0749494855,33.355799353686024,18.345689644527315,0.55,x,-,,,,RT/DB,Offline,3,,,,,,10,Offline,Offline,,,
9722237,588377,BVI,-,2026-02-06,40,Denmark,D113/D261,5,36,5,2.9867334359999997,8,0.37334167949999997,13.392557741466957,12.05330196732026,0.9,-,-,,,,RT/DB,No Info,8,,,,,,20,C1,C2,,,
9720931,588227,BVI,-,2026-01-23,25,France,D113/D256,5,24,3,1.1084202725,5,0.1385525340625,22.554621762387512,21.652436891892012,0.96,x,-,,,,RT/DB,Offline,3,,,,,,21,Offline,Offline,,,
9721903,588447,BVI,-,2026-01-30,255,UK,None,15,23,3,7.654967502,17,0.95687093775,33.311702490360226,3.0045849305030794,0.09019607843137255,-,-,,,,DB - UK,C2,8,,,,,,18,C1,C2,,,
9720927,588410,BVI,-,2026-01-23,20,Italy,D113/D256,10,21,3,1.183069098,2,0.14788363725,16.905183335284782,17.750442502049022,1.05,x,-,,,,RT/DB,Offline,3,,,,,,19,Offline,Offline,,,
9721921,588455,BVI,-,2026-01-30,50,Belgium,D113/D256,5,24,3,2.5879758749999997,10,0.32349698437499996,19.320118275832076,9.273656772399397,0.48,-,-,,,,RT/DB,No Info,8,,,,,,22,C2,C2,,,
9720890,588739,BVI,-,2026-01-23,12,Belgium,D113/D256,6,23,3,0.62111421,2,0.07763927625,19.320118275832073,37.03022669534481,1.9166666666666667,x,-,,,,RT/DB,Offline,3,,,,,,18,Offline,Offline,,,
9717808,591729,BVI,-,2026-01-07,2160,Ireland,D120,20,5,1,50.584492223999995,108,6.323061527999999,42.70083389262886,0.09884452289960384,0.0023148148148148147,x,-,C3/4,x,,RT/DB,C3/4,4,,,,,,5,C3/4,C3/4,,,
9720832,588508,BVI,-,2026-01-21,2000,UK,D120,20,10,2,54.9231588,100,6.86539485,36.41451154116795,0.18207255770583974,0.005,x,-,,,,DB - UK,C3/4,4,,,,,,9,C3/4,C1,,,
9720900,588744,BVI,-,2026-01-23,25,Denmark,D113/D256,5,27,4,1.5914167949999998,5,0.19892709937499997,15.709272441101769,16.96601423638991,1.08,x,-,,,,RT/DB,Offline,3,,,,,,22,Offline,Offline,,,
9720910,588511,BVI,-,2026-01-22,500,UK,D113/D256,10,17,3,13.92839945,50,1.74104993125,35.897879134992785,1.2205278905897547,0.034,x,-,,,,DB - UK,C1,8,,,,,,9,C3/4,C1,,,
9720897,588768,BVI,-,2026-01-23,10,France,D113/D256,10,9,2,0.4020521692967041,1,0.050256521162088015,24.872394091275897,22.385154682148308,0.9,x,-,,,,RT/DB,Offline,3,,,,,,6,Offline,Offline,,,
9720878,588781,BVI,-,2026-01-23,5,Belgium,D113/D256,5,28,4,0.221317847,1,0.027664730875,22.59194216723064,126.5148761364916,5.6,x,-,,,,RT/DB,Offline,3,,,,,,26,Offline,Offline,,,
9720988,588553,BVI,-,2026-01-23,224,France,D113/D256,7,18,3,9.639495532800002,32,1.2049369416000002,23.2377305677255,1.8673176349065135,0.08035714285714286,x,-,,,,RT/DB,No Info,8,,,,,,16,C1,C1,,,
9720898,588804,BVI,-,2026-01-23,16,Ireland,D113/D256,8,33,5,0.679937896,2,0.084992237,23.531560888319717,48.53384433215942,2.0625,x,-,,,,RT/DB,Offline,3,,,,,,23,Offline,Offline,,,
9722004,588565,BVI,-,2026-01-30,30,Belgium,D113/D256,5,23,3,1.5209521380000002,6,0.19011901725000002,19.72448655711742,15.122106360456687,0.7666666666666667,-,-,,,,RT/DB,No Info,8,,,,,,21,C2,C2,,,
9720979,588569,BVI,-,2026-01-22,300,France,D113/D256,4,19,3,16.957743179999998,75,2.1197178974999997,17.69103334185534,1.1204321116508384,0.06333333333333334,x,-,,,,RT/DB,C2,8,,,,,,13,C1,C1,,,
9722021,588585,BVI,-,2026-01-30,64,UK,D120,16,17,3,2.4655325504,4,0.3081915688,25.957880778989047,6.895062081918965,0.265625,-,-,,,,DB - UK,C1,8,,,,,,14,C1,C1,,,
9721134,588590S,BVI,-,2026-01-27,144,Austria,D113/D256,4,20,3,6.7383501264,36,0.8422937658,21.370216343586286,2.968085603275873,0.1388888888888889,-,-,,,,RT/DB,C2,8,,,,,,16,C1,C1,,,
9720969,588598,BVI,-,2026-01-23,140,France,D113/D256,5,15,2,7.217167972,28,0.9021459965,19.398190612044687,2.0783775655762167,0.10714285714285714,x,-,,,,RT/DB,C1,8,,,,,,12,C1,C1,,,
9720899,588862,BVI,-,2026-01-23,25,France,D113/D256,5,21,3,0.7584430475,5,0.0948053809375,32.96226405187002,27.68830180357082,0.84,x,-,,,,RT/DB,Offline,3,,,,,,14,Offline,Offline,,,
9720552,591601,BVI,-,2026-01-08,940,Italy,D113/D256,20,7,1,25.149744555999998,47,3.1437180694999998,37.37612514938023,0.2783328468570868,0.007446808510638298,x,-,,,,RT/DB,C3/4,4,,,,,,7,C3/4,C3/4,,,
9722314,588625,BVI,-,2026-02-06,285,France,D113/D256,5,20,3,11.5450950105,57,1.4431368763125,24.68580810645551,1.7323374109793341,0.07017543859649122,-,-,,,,RT/DB,C2,8,,,,,,17,C1,C1,,,
9722390,588627,BVI,-,2026-02-10,360,Austria,D113/D256,5,14,2,14.404001328,72,1.800500166,24.993055179757203,0.9719521458794467,0.03888888888888889,-,-,,,,RT/DB,C1,8,,,,,,12,C1,C1,,,
9721479,588633,BVI,-,2026-01-16,272,France,D113/D256,16,10,2,12.0027617088,17,1.5003452136,22.66145130587565,0.8331415921277813,0.03676470588235294,x,-,,,,RT/DB,C1,8,,,,,,9,C3/4,C1,,,
9721658,588938,BVI,-,2026-01-23,9,France,D113/D256,9,20,3,0.5805320994000001,1,0.07256651242500001,15.503018712146684,34.451152693659296,2.2222222222222223,x,-,,,,RT/DB,Offline,3,,,,,,15,Offline,Offline,,,
9721660,588958,BVI,-,2026-01-23,20,Belgium,D113/D256,8 NEW,11,2,1.116617504,2.5,0.139577188,17.911236326096496,9.851179979353073,0.55,x,-,,,,RT/DB,Offline,3,,,,,,8,Offline,Offline,,,
9719103,588668,BVI,-,2026-01-22,1140,France,D113/D256,20,10,2,32.947095084000004,57,4.1183868855000005,34.600926032887635,0.30351689502533014,0.008771929824561403,x,-,,,,RT/DB,C3/4,4,,,,,,8,C3/4,C1,,,
9722345,588677,BVI,-,2026-02-06,35,Italy,D113/D265,5,21,3,1.4719204920000002,7,0.18399006150000002,23.778458272867088,14.267074963720253,0.6,-,-,,,,RT/DB,No Info,8,,,,,,17,C1,C2,,,
9720866,590426,BVI,-,2026-01-23,12,France,D113/D256,6,18,3,0.6476262456,2,0.0809532807,18.529205821302803,27.793808731954204,1.5,x,-,,,,RT/DB,Offline,3,,,,,,15,Offline,Offline,,,
9722356,588681,BVI,-,2026-02-06,36,Italy,D113/D265,12,17,3,1.3498688196000002,3,0.16873360245000002,26.66925813625927,12.593816342122432,0.4722222222222222,-,-,,,,RT/DB,No Info,8,,,,,,15,C1,C1,,,
9721047,590834,BVI,-,2026-01-23,20,Denmark,D113/D256,20,10,2,0.5779101600000001,1,0.07223877000000001,34.60745524875354,17.30372762437677,0.5,x,-,,,,RT/DB,Offline,3,,,,,,9,Offline,Offline,,,
9721084,590852,BVI,-,2026-01-23,24,Italy,D113/D256,12,13,2,0.7845824184,2,0.0980728023,30.589520536214962,16.569323623783106,0.5416666666666666,x,-,,,,RT/DB,Offline,3,,,,,,9,Offline,Offline,,,
9717787,591429,BVI,-,2026-01-09,320,Spain,D113/D256,40,5,1,7.665990336,8,0.958248792,41.74281286231979,0.6522314509737467,0.015625,x,-,C3/4,x,,RT/DB,C3/4,4,,,,,,5,C3/4,C3/4,,,
9720894,588698,BVI,-,2026-01-23,240,Germany,D113/D267,20,10,2,7.5856998959999995,12,0.9482124869999999,31.63847809568026,1.3182699206533441,0.041666666666666664,x,-,,,,RT/DB,No Info,8,,,,,,9,C3/4,C1,,,
9721019,591001,BVI,-,2026-01-23,16,UK,D113/D256,8,31,4,0.9642101808,2,0.1205262726,16.593892409147646,32.15066654272356,1.9375,x,-,,,,DB - UK,Offline,3,,,,,,27,Offline,Offline,,,
9717988,590955,BVI,-,2026-01-12,1000,Austria,D113/D256,50,7,1,25.443382800000002,20,3.1804228500000002,39.302949920637126,0.27512064944445985,0.007,x,-,,,,RT/DB,C3/4,4,,,,,,4,C3/4,C3/4,,,
9718770,588688,BVI,-,2026-01-13,260,UK,D113/D256,20,6,1,7.140010644,13,0.8925013305,36.41451154116795,0.8403348817192603,0.023076923076923078,x,-,C3/4,x,,DB - UK,C3/4,4,,,,,,6,C3/4,C3/4,,,
9721020,591113,BVI,-,2026-01-23,28,UK,D113/D256,7,20,3,1.132751074,4,0.14159388425,24.71858172786866,17.656129805620473,0.7142857142857143,x,-,,,,DB - UK,Offline,3,,,,,,18,Offline,Offline,,,
9721065,591207,BVI,-,2026-01-23,12,UK,D113/D256,12,22,3,0.5128632912,1,0.0641079114,23.398048185360164,42.8964216731603,1.8333333333333333,x,-,,,,DB - UK,Offline,3,,,,,,18,Offline,Offline,,,
9709482,588757,BVI,-,2025-12-04,1800,UK,D113/D256,10,20,3,82.64691198000001,180,10.330863997500002,21.779398127247486,0.24199331252497205,0.011111111111111112,x,-,,,,DB - UK,No Info,8,,,,,,15,C1,C1,,,
9720654,588758,BVI,-,2026-01-15,750,France,D113/D256,5,15,2,30.7027716,150,3.83784645,24.42776208516628,0.4885552417033256,0.02,x,-,,,,RT/DB,C1,8,,,,,,11,C1,C1,,,
9721581,591447,BVI,-,2026-01-23,25,Netherlands,D120,20,6,1,0.91847775,1.25,0.11480971875,27.21895005077695,6.532548012186468,0.24,x,-,,,,RT/DB,Offline,3,,,,,,6,Offline,Offline,,,
9721098,591597,BVI,-,2026-01-23,14,Belgium,D113/D256,7,10,2,0.4095175714,2,0.051189696425,34.18656726288644,24.418976616347457,0.7142857142857143,x,-,,,,RT/DB,Offline,3,,,,,,9,Offline,Offline,,,
9720873,588775,BVI,-,2026-01-22,204,Ireland,D113/D256,12,31,4,12.5349374268,17,1.56686717835,16.27451283193828,2.473087734265131,0.15196078431372548,x,-,,,,RT/DB,C2,8,,,,,,22,C2,C2,,,
9722348,588780,BVI,-,2026-02-06,100,UK,D113/D256,10,24,3,4.4306632200000005,10,0.5538329025000001,22.569984454832923,5.416796269159902,0.24,-,-,,,,DB - UK,C2,8,,,,,,21,C2,C2,,,
9721050,591834,BVI,-,2026-01-23,15,Italy,D113/D256,15,13,2,0.455979786,1,0.05699747325,32.896195095806284,28.510035749698783,0.8666666666666667,x,-,,,,RT/DB,Offline,3,,,,,,10,Offline,Offline,,,
9722387,588789N,BVI,-,2026-02-10,80,Austria,D113/D256,5,25,4,4.636573536,16,0.579571692,17.254120824106778,5.391912757533368,0.3125,-,-,,,,RT/DB,C2,8,,,,,,21,C2,C2,,,
9721093,591964,BVI,-,2026-01-23,14,Belgium,D113/D256,7,14,2,0.5459729184,2,0.0682466148,25.64229749898159,25.64229749898159,1,x,-,,,,RT/DB,Offline,3,,,,,,12,Offline,Offline,,,
9721590,592009,BVI,-,2026-01-23,24,Belgium,D113/D256,6,20,3,1.5414539663999998,4,0.19268174579999997,15.569715686061635,12.974763071718028,0.8333333333333334,x,-,,,,RT/DB,Offline,3,,,,,,15,Offline,Offline,,,
9722001,588831,BVI,-,2026-01-30,120,France,D113/D256,6,20,3,7.1025210119999995,20,0.8878151264999999,16.89540936200753,2.8159015603345887,0.16666666666666666,-,-,,,,RT/DB,C2,8,,,,,,16,C1,C1,,,
9721588,592015,BVI,-,2026-01-23,25,France,D113/D256,5,23,3,1.09806147,5,0.13725768375,22.767395708730223,20.946004052031807,0.92,x,-,,,,RT/DB,Offline,3,,,,,,21,Offline,Offline,,,
9722102,588854,BVI,-,2026-02-03,120,Austria,D113/D256,5,24,3,8.729318963999999,24,1.0911648704999999,13.746776867116894,2.749355373423379,0.2,-,-,,,,RT/DB,C2,8,,,,,,20,C1,C2,,,
9721891,588305,BVI,-,2026-01-30,10,France,D113/D256,5,22,3,0.754385965,2,0.094298245625,13.255813951947,29.162790694283398,2.2,-,-,,,,RT/DB,Offline,3,,,,,,16,Offline,Offline,,,
9721132,588901S,BVI,-,2026-01-27,244,Austria,D113/D256,4,22,3,13.9748280864,61,1.7468535108,17.459964336695883,1.5742590795381535,0.09016393442622951,-,-,,,,RT/DB,C2,8,,,,,,14,C1,C2,,,
9720947,588912,BVI,-,2026-01-23,195,France,D113/D256,5,21,3,11.176367942999999,39,1.3970459928749999,17.447528659982307,1.8789646249211718,0.1076923076923077,x,-,,,,RT/DB,C2,8,,,,,,17,C1,C2,,,
9721665,588924,BVI,-,2026-01-22,315,UK,D120,15,26,4,19.5045839415,21,2.4380729926875,16.150049698305683,1.333019975098247,0.08253968253968254,x,-,,,,DB - UK,C2,8,,,,,,21,C2,C2,,,
9718017,588985,BVI,-,2026-01-13,3000,France,D113/D256,40,6,1,74.8090485,75,9.3511310625,40.10210075055292,0.08020420150110584,0.002,x,-,,,,RT/DB,C3/4,4,,,,,,6,C3/4,C3/4,,,
9721915,588448,BVI,-,2026-01-30,18,Belgium,D113/D256,9,8,1,0.4716551826,2,0.058956897825,38.163473367927324,16.96154371907881,0.4444444444444444,-,-,,,,RT/DB,Offline,3,,,,,,6,Offline,Offline,,,
9721931,588459,BVI,-,2026-01-30,18,Belgium,D113/D256,9,24,3,0.931671315,2,0.116458914375,19.320118275832073,25.76015770110943,1.3333333333333333,-,-,,,,RT/DB,Offline,3,,,,,,22,Offline,Offline,,,
9721906,588531,BVI,-,2026-01-30,14,Denmark,D113/D256,7,18,3,0.6451683140000001,2,0.08064603925000001,21.69976376118186,27.899696264376676,1.2857142857142858,-,-,,,,RT/DB,Offline,3,,,,,,16,Offline,Offline,,,
9722092,588960,BVI,-,2026-02-03,140,Germany,D113/D256,5,21,3,7.2442947360000005,28,0.9055368420000001,19.325552742115818,2.8988329113173728,0.15,-,-,,,,RT/DB,C2,8,,,,,,16,C1,C2,,,
9721550,588965,BVI,-,2026-01-23,180,France,D113/D256,7 NEW,18,3,7.236939047340674,25.714285714285715,0.9046173809175843,24.872394091275897,2.48723940912759,0.1,x,-,,,,RT/DB,No Info,8,,,,,,17,C1,C1,,,
9718783,590004,BVI,-,2026-01-13,3000,UK,D120,40,8,1,73.274367,75,9.159295875,40.94201182249722,0.10917869819332592,0.0026666666666666666,x,-,,,,DB - UK,C3/4,4,,,,,,7,C3/4,C3/4,,,
9722283,589296,BVI,-,2026-02-06,60,UK,None,15,17,3,1.492985328,4,0.186623166,40.18793679665685,11.386582092386108,0.2833333333333333,-,-,,,,DB - UK,C1,8,,,,,,13,C1,C1,,,
9722295,589513,BVI,-,2026-02-06,147,Ireland,D113/D256,7,28,4,5.984453275500001,21,0.7480566594375001,24.563647376412703,4.678789976459562,0.19047619047619047,-,-,,,,RT/DB,C2,8,,,,,,22,C2,C2,,,
9720921,589615,BVI,-,2026-01-23,90,Ireland,D113/D256,6,34,5,7.108260597,15,0.888532574625,12.661325337169542,4.783167349597383,0.37777777777777777,x,-,,,,RT/DB,C2,8,,,,,,25,C2,C2,,,
9721964,589618,BVI,-,2026-01-30,50,UK,D113/D256,10,13,2,1.81401154,5,0.2267514425,27.56322046330532,7.166437320459384,0.26,-,-,,,,DB - UK,C1,8,,,,,,11,C1,C1,,,
9720942,589861,BVI,-,2026-01-23,174,France,D113/D256,6,16,2,6.333085551599999,29,0.7916356939499999,27.474759117384796,2.5264146314836595,0.09195402298850575,x,-,,,,RT/DB,C1,8,,,,,,14,C1,C1,,,
9722096,589862,BVI,-,2026-02-03,108,Austria,D113/D256,6,31,4,6.2533017252,18,0.78166271565,17.270876210046595,4.957381134365225,0.28703703703703703,-,-,,,,RT/DB,C2,8,,,,,,16,C1,C2,,,
9720804,589921,BVI,-,2026-01-15,658,France,D113/D256,7,14,2,24.2198294212,94,3.02747867765,27.167821397785822,0.5780387531443792,0.02127659574468085,x,-,,,,RT/DB,C1,8,,,,,,11,C1,C1,,,
9722271,589937,BVI,-,2026-02-06,260,France,D113/D256,13,19,3,10.426352456,20,1.303294057,24.93681285926404,1.8223055551000644,0.07307692307692308,-,-,,,,RT/DB,C1,8,,,,,,9,C3/4,C1,,,
9722276,589957,BVI,-,2026-02-06,60,UK,D142,15,19,3,2.319017502,4,0.28987718775,25.873025946657993,8.193124883108364,0.31666666666666665,-,-,,,,DB - UK,C1,8,,,,,,17,C1,C1,,,
9716588,589984,BVI,-,2025-12-22,1008,UK,D113/D256,12,14,2,32.9524615728,84,4.1190576966,30.589520536214966,0.42485445189187454,0.013888888888888888,x,-,,,,DB - UK,C1,8,,,,,,12,C1,C1,,,
9718776,590768,BVI,-,2026-01-14,2000,UK,D120,25,8,1,50.7813426,80,6.347667825,39.38454356659723,0.15753817426638891,0.004,x,-,,,,DB - UK,C3/4,4,,,,,,7,C3/4,C3/4,,,
9721959,590006,BVI,-,2026-01-30,140,France,D113/D256,5,25,4,6.48775407,28,0.81096925875,21.579116361295736,3.853413635945667,0.17857142857142858,-,-,,,,RT/DB,C2,8,,,,,,20,C1,C2,,,
9718067,591652,BVI,-,2026-01-15,1000,UK,D120,20,9,2,28.5427178,50,3.567839725,35.035206072772795,0.3153168546549551,0.009,x,-,,,,DB - UK,C3/4,4,,,,,,8,C3/4,C3/4,,,
9721969,590070,BVI,-,2026-01-30,30,UK,D113/D256,6,25,4,1.3884225840000002,5,0.17355282300000002,21.607254409223867,18.006045341019888,0.8333333333333334,-,-,,,,DB - UK,C2,8,,,,,,21,C2,C2,,,
9720686,590073,BVI,-,2026-01-16,280,Spain,D113/D256,5,15,2,10.306310392,56,1.288288799,27.167821397785822,1.4554190034528118,0.05357142857142857,x,-,,,,RT/DB,C1,8,,,,,,12,C1,C1,,,
9721552,590064,BVI,-,2026-01-21,2000,Spain,D120,50,9,2,50.7813426,40,6.347667825,39.38454356659723,0.17723044604968755,0.0045,x,-,,,,RT/DB,C3/4,4,,,,,,7,C3/4,C3/4,,,
9721882,590112,BVI,-,2026-01-30,136,France,D113/D256,8,20,3,7.5723580624,17,0.9465447578,17.960059320926494,2.641185194253896,0.14705882352941177,-,-,,,,RT/DB,C2,8,,,,,,15,C1,C1,,,
9722368,590117,BVI,-,2026-02-06,60,Italy,D113/D256,10,15,2,2.1587739299999997,6,0.26984674124999997,27.793554093920342,6.9483885234800855,0.25,-,-,,,,RT/DB,C1,8,,,,,,12,C1,C1,,,
9721999,588559,BVI,-,2026-01-30,25,Belgium,D113/D256,5,23,3,1.267460115,5,0.158432514375,19.72448655711742,18.146527632548025,0.92,-,-,,,,RT/DB,Offline,3,,,,,,20,Offline,Offline,,,
9722023,588639,BVI,-,2026-01-30,20,Italy,D113/D256,5,15,2,0.760785676,4,0.0950982095,26.288612720936666,19.7164595407025,0.75,-,-,,,,RT/DB,Offline,3,,,,,,11,Offline,Offline,,,
9721928,590180,BVI,-,2026-01-30,32,UK,D113/D256,8,22,3,1.3810134752,4,0.1726266844,23.171388675527385,15.930329714425078,0.6875,-,-,,,,DB - UK,C2,8,,,,,,15,C1,C2,,,
9720971,590185,BVI,-,2026-01-23,200,Italy,D113/D256,10,15,2,7.034246260000001,20,0.8792807825000001,28.43232844111431,2.1324246330835734,0.075,x,-,,,,RT/DB,C1,8,,,,,,14,C1,C1,,,
9722051,588680,BVI,-,2026-01-30,12,France,D113/D256,4,21,3,0.6819391152000001,3,0.08524238940000001,17.596878859897373,30.794538004820403,1.75,-,-,,,,RT/DB,Offline,3,,,,,,16,Offline,Offline,,,
9721862,590199,BVI,-,2026-01-30,100,France,D113/D256,5,18,3,3.9152596999999996,20,0.48940746249999995,25.541089905223913,4.5973961829403045,0.18,-,-,,,,RT/DB,C1,8,,,,,,17,C1,C1,,,
9721136,590203,BVI,-,2026-01-27,280,Austria,D113/D256,4,22,3,12.432801696,70,1.554100212,22.521070217832257,1.7695126599725346,0.07857142857142857,-,-,,,,RT/DB,C2,8,,,,,,18,C1,C2,,,
9722232,590208,BVI,-,2026-02-06,110,France,D113/D256,10,20,3,6.125188223,11,0.765648527875,17.95863179958315,3.2652057817423907,0.18181818181818182,-,-,,,,RT/DB,C1,8,,,,,,14,C1,C1,,,
9720981,590225,BVI,-,2026-01-22,1056,Japan,D120,24,10,2,27.8946314592,44,3.4868289324,37.85674679174576,0.35849192037638034,0.00946969696969697,x,-,,,,DB - UK,C3/4,4,,,,,,8,C3/4,C1,,,
9722091,590234,BVI,-,2026-02-03,96,Austria,D113/D256,4,28,4,5.8341029856,24,0.7292628732,16.454971781772038,4.799366769683511,0.2916666666666667,-,-,,,,RT/DB,C2,8,,,,,,22,C2,C2,,,
9720983,590235,BVI,-,2026-01-23,50,UK,D142,10,26,4,2.16773073,5,0.27096634125,23.065595421069663,11.994109618956225,0.52,x,-,,,,DB - UK,C2,8,,,,,,21,C2,C2,,,
9720990,590237,BVI,-,2026-01-23,172,Spain,D113/D256,4,20,3,7.162476804000001,43,0.8953096005000001,24.01403937586839,2.7923301599846964,0.11627906976744186,x,-,,,,RT/DB,C2,8,,,,,,14,C1,C1,,,
9722037,588792,BVI,-,2026-01-30,25,France,D113/D256,5,20,3,0.7196354075,5,0.0899544259375,34.739813716017025,27.79185097281362,0.8,-,-,,,,RT/DB,Offline,3,,,,,,17,Offline,Offline,,,
9722384,590276,BVI,-,2026-02-10,50,Austria,D113/D256,10,13,2,1.65555756,5,0.206944695,30.20130571600301,7.8523394861607825,0.26,-,-,,,,RT/DB,C1,8,,,,,,9,C3/4,C1,,,
9722128,590278,BVI,-,2026-02-05,680,Japan,D120,20,12,2,20.338039828,34,2.5422549785,33.434883880196914,0.5900273625917103,0.01764705882352941,-,-,,,,DB - UK,C3/4,4,,,,,,10,C1,C1,,,
9721992,590300,BVI,-,2026-01-30,150,France,D113/D256,5,19,3,6.184656780000001,30,0.7730820975000001,24.253569007268336,3.0721187409206556,0.12666666666666668,-,-,,,,RT/DB,C1,8,,,,,,10,C1,C1,,,
9717993,590306,BVI,-,2026-01-12,980,Austria,D113/D256,35,12,2,30.718413404,28,3.8398016755,31.90268934502943,0.3906451756534216,0.012244897959183673,x,-,,,,RT/DB,C1,8,,,,,,10,C1,C1,,,
9722006,590325,BVI,-,2026-01-30,100,UK,D113/D256,20,12,2,3.3026355099999996,5,0.41282943874999994,30.278848421877477,3.633461810625297,0.12,-,-,,,,DB - UK,C1,8,,,,,,9,C3/4,C1,,,
9722435,590327,BVI,-,2026-02-12,252,Italy,D148,4,29,4,20.970257338800003,63,2.6212821673500004,12.017019911994097,1.3829110216183684,0.11507936507936507,-,-,,,,RT/DB,C2,8,,,,,,24,C2,C2,,,
9719069,591344,BVI,-,2026-01-21,1800,Spain,D120,75,4,1,41.53308732,24,5.191635915,43.33894049656215,0.09630875665902701,0.0022222222222222222,x,-,,,,RT/DB,C3/4,4,,,,,,4,C3/4,C3/4,,,
9721222,590389,BVI,-,2026-01-08,1968,UK,D113/D256,12,17,3,80.3858065152,164,10.0482258144,24.48193388005474,0.21148011989884685,0.008638211382113821,x,-,,,,DB - UK,C1,8,,,,,,14,C1,C1,,,
9722334,590401,BVI,-,2026-02-06,42,France,D113/D256,7,21,3,2.3717547210000003,6,0.29646934012500004,17.708407883885897,8.854203941942949,0.5,-,-,,,,RT/DB,C2,8,,,,,,13,C1,C2,,,
9722349,590421,BVI,-,2026-02-06,295,Italy,D113/D256,5,19,3,11.9501860635,59,1.4937732579375,24.685808106455514,1.5899334034666261,0.06440677966101695,-,-,,,,RT/DB,C1,8,,,,,,16,C1,C1,,,
9720863,590422,BVI,-,2026-01-23,275,Japan,D120,25,10,2,7.551934335,11,0.943991791875,36.41451154116795,1.3241640560424708,0.03636363636363636,x,-,,,,DB - UK,C3/4,4,,,,,,8,C3/4,C1,,,
9722073,588848,BVI,-,2026-01-30,10,UK,D113/D256,10,29,4,0.558308752,1,0.069788594,17.911236326096496,51.942585345679845,2.9,-,-,,,,DB - UK,Offline,3,,,,,,21,Offline,Offline,,,
9721127,590445S,BVI,-,2026-01-27,152,Austria,D113/D256,4,24,3,9.2373297272,38,1.1546662159,16.454971781772038,2.598153439227164,0.15789473684210525,-,-,,,,RT/DB,C2,8,,,,,,19,C1,C2,,,
9721128,590446S,BVI,-,2026-01-27,40,Austria,D113/D256,4,19,3,2.191940224,10,0.273992528,18.248672825121712,8.668119591932813,0.475,-,-,,,,RT/DB,C2,8,,,,,,15,C1,C1,,,
9722047,590449,BVI,-,2026-01-30,248,UK,D113/D256,8,17,3,9.3087676928,31,1.1635959616,26.64155000793705,1.8262352828021364,0.06854838709677419,-,-,,,,DB - UK,C1,8,,,,,,16,C1,C1,,,
9722301,590548,BVI,-,2026-02-06,36,Denmark,D113/D256,12,26,4,2.0124418284,3,0.25155522855,17.88871583365068,12.919628102081045,0.7222222222222222,-,-,,,,RT/DB,C2,8,,,,,,18,C1,C2,,,
9722302,590553,BVI,-,2026-02-06,45,France,D113/D256,5,26,4,2.517895062,9,0.31473688275,17.872071270617553,10.326085623023474,0.5777777777777777,-,-,,,,RT/DB,C2,8,,,,,,18,C1,C2,,,
9722389,590566,BVI,-,2026-02-10,39,Austria,D113/D256,3,22,3,1.7604453867,13,0.2200556733375,22.153484734398095,12.496837542480975,0.5641025641025641,-,-,,,,RT/DB,C2,8,,,,,,17,C1,C2,,,
9722320,590585,BVI,-,2026-02-06,36,France,D113/D256,12,17,3,1.3512727296,3,0.1689090912,26.64155000793705,12.580731948192495,0.4722222222222222,-,-,,,,RT/DB,C1,8,,,,,,14,C1,C1,,,
9722370,590586,BVI,-,2026-02-06,50,Denmark,D113/D256,10,19,3,2.287496,5,0.285937,21.857961718840166,8.306025453159263,0.38,-,-,,,,RT/DB,C1,8,,,,,,16,C1,C1,,,
9720849,590592,BVI,-,2026-01-23,40,Japan,D113/D256,20,15,2,1.438942248,2,0.179867781,27.79819694334251,10.42432385375344,0.375,x,-,,,,DB - UK,C1,8,,,,,,13,C1,C1,,,
9720850,590597,BVI,-,2026-01-23,400,Japan,D120,20,10,2,10.81877572,20,1.352346965,36.97276016735838,0.9243190041839596,0.025,x,-,,,,DB - UK,C3/4,4,,,,,,8,C3/4,C1,,,
9719073,590924,BVI,-,2026-01-22,800,Spain,D113/D256,50,8,1,23.22543928,16,2.90317991,34.44498897762075,0.3444498897762075,0.01,x,-,,,,RT/DB,C3/4,4,,,,,,8,C3/4,C3/4,,,
9720857,590663,BVI,-,2026-01-22,250,UK,D113/D256,10,21,3,14.117587625,25,1.764698453125,17.708407883885897,1.4875062622464155,0.084,x,-,,,,DB - UK,C2,8,,,,,,18,C1,C2,,,
9720856,590686,BVI,-,2026-01-23,120,Italy,D113/D256,10,22,3,5.9052107760000005,12,0.7381513470000001,20.321035870168235,3.7255232428641762,0.18333333333333332,x,-,,,,RT/DB,C2,8,,,,,,14,C1,C2,,,
9718712,590692,BVI,-,2026-01-09,210,Japan,D113/D256,15,13,2,6.865096160999999,14,0.8581370201249999,30.589520536214966,1.8936369855752122,0.06190476190476191,x,-,,,,DB - UK,C1,8,,,,,,12,C1,C1,,,
9722070,590695,BVI,-,2026-01-30,225,Germany,D120,25,11,2,5.9434584075,9,0.7429323009375,37.85674679174576,1.8507742875964597,0.04888888888888889,-,-,,,,RT/DB,C3/4,4,,,,,,9,C3/4,C1,,,
9721662,590711,BVI,-,2026-01-22,520,France,D113/D256,20,10,2,15.02566416,26,1.87820802,34.607455248753546,0.6655279855529528,0.019230769230769232,x,-,,,,RT/DB,C3/4,4,,,,,,8,C3/4,C1,,,
9722286,590732,BVI,-,2026-02-06,55,France,D113/D256,5,18,3,2.153392835,11,0.269174104375,25.541089905223913,8.358902150800553,0.32727272727272727,-,-,,,,RT/DB,C2,8,,,,,,15,C1,C1,,,
9720861,590742,BVI,-,2026-01-23,132,France,D113/D256,4,13,2,6.437267192400001,33,0.8046583990500001,20.50559593919645,2.019490509163287,0.09848484848484848,x,-,,,,RT/DB,C1,8,,,,,,10,C1,C1,,,
9720830,588726,BVI,-,2026-01-23,450,Spain,D120,75,4,1,9.73718766,6,1.2171484575,46.21457608838978,0.41079623189679804,0.008888888888888889,x,-,C3/4,x,,RT/DB,No Info,8,,,,,,4,C3/4,C3/4,,,
9721011,590820,BVI,-,2026-01-23,240,Italy,D113/D256,20,10,2,6.93492192,12,0.86686524,34.607455248753546,1.4419773020313977,0.041666666666666664,x,-,,,,RT/DB,C3/4,4,,,,,,9,C3/4,C1,,,
9721896,590152,BVI,-,2026-01-30,25,Belgium,D113/D256,5,17,3,0.9591954324999998,5,0.11989942906249998,26.063510263848137,17.723186979416734,0.68,-,-,,,,RT/DB,Offline,3,,,,,,13,Offline,Offline,,,
9721053,590837,BVI,-,2026-01-23,300,Italy,D113/D256,5,18,3,11.7457791,60,1.4682223875,25.541089905223913,1.5324653943134348,0.06,x,-,,,,RT/DB,C1,8,,,,,,15,C1,C1,,,
9721057,590848,BVI,-,2026-01-22,430,Italy,D113/D256,5,20,3,17.755540693,86,2.219442586625,24.217792487137523,1.1264089528901173,0.046511627906976744,x,-,,,,RT/DB,C2,8,,,,,,15,C1,C1,,,
9721871,590270,BVI,-,2026-01-30,10,France,D113/D256,5,18,3,0.42123610799999994,2,0.05265451349999999,23.739655290899236,42.73137952361862,1.8,-,-,,,,RT/DB,Offline,3,,,,,,15,Offline,Offline,,,
9721696,591470,BVI,-,2026-01-30,10,France,D113/D256,10,29,4,0.633918502,1,0.07923981275,15.774898458477239,45.747205529583994,2.9,-,-,,,,RT/DB,Offline,3,,,,,,21,Offline,Offline,,,
9721541,588934,BVI,-,2026-01-23,568,UK,D120,50 NEW,4,1,22.836563216052795,11.36,2.8545704020065994,24.872394091275897,0.1751577048681401,0.007042253521126761,x,-,,,,DB - UK,No Info,8,,,,,,4,C3/4,C3/4,,,
9721140,590882,BVI,-,2026-01-27,75,Germany,D120,15,13,2,2.3130051,5,0.2891256375,32.42535003489616,5.620394006048668,0.17333333333333334,-,-,,,,RT/DB,C1,8,,,,,,11,C1,C1,,,
9721989,588623,BVI,-,2026-01-29,625,France,D113/D256,25,6,1,15.581796062499999,25,1.9477245078124998,40.110908748456744,0.3850647239851847,0.0096,-,-,C3/4,x,,RT/DB,C3/4,4,,,,,,6,C3/4,C3/4,,,
9722049,590619,BVI,-,2026-01-29,600,Denmark,D113/D256,30,9,2,16.71075954,20,2.0888449425,35.905010694684435,0.5385751604202665,0.015,-,-,C3/4,x,,RT/DB,C3/4,4,,,,,,5,C3/4,C3/4,,,
9721889,588463,BVI,-,2026-01-30,100,Spain,D120,50,7,1,2.67550474,2,0.3344380925,37.37612514938022,2.6163287604566157,0.07,-,-,C3/4,x,,RT/DB,No Info,8,,,,,,6,C3/4,C3/4,,,
9721143,590949,BVI,-,2026-01-26,296,Austria,D113/D256,4,26,4,18.681740744,74,2.335217593,15.844347914691307,1.391733262776939,0.08783783783783784,-,-,,,,RT/DB,C2,8,,,,,,18,C1,C2,,,
9721978,590858,BVI,-,2026-01-30,200,Belgium,D113/D256,50,4,1,4.632360960000001,4,0.5790451200000001,43.17452843743851,0.8634905687487703,0.02,-,-,C3/4,x,,RT/DB,C3/4,4,,,,,,4,C3/4,C3/4,,,
9722103,NS58871199,BVI,-,2026-02-04,10,Italy,D113/D265,5 NEW,22,3,0.443368109,2,0.055421013625,22.554621762387516,49.620167877252534,2.2,-,-,,,,DB - PB,Offline,3,,,,,,14,Offline,Offline,,,
9722009,591064,BVI,-,2026-01-29,300,Belgium,D113/D256,6,17,3,12.91562556,50,1.614453195,23.227678644471325,1.3162351231867084,0.056666666666666664,-,-,,,,RT/DB,C1,8,,,,,,15,C1,C1,,,
9722328,591070,BVI,-,2026-02-06,85,Belgium,D113/D256,5,26,4,5.364689064999999,17,0.6705861331249999,15.844347914691307,4.8465064209644,0.3058823529411765,-,-,,,,RT/DB,C2,8,,,,,,20,C1,C2,,,
9722016,591072,BVI,-,2026-01-30,65,Belgium,D113/D256,5,24,3,3.295396299,13,0.411924537375,19.72448655711742,7.282887344166432,0.36923076923076925,-,-,,,,RT/DB,C2,8,,,,,,18,C1,C2,,,
9718891,591106,BVI,-,2026-01-16,100,Japan,D120,20,15,2,3.4539005300000003,5,0.43173756625000004,28.952773576255826,4.342916036438374,0.15,x,-,,,,DB - UK,C1,8,,,,,,12,C1,C1,,,
9722284,588140,BVI,-,2026-02-06,5,Italy,D113/D256,5,23,3,0.2083848105,1,0.0260481013125,23.99407129532601,110.37272795849965,4.6,-,-,,,,RT/DB,Offline,3,,,,,,18,Offline,Offline,,,
9721910,590939,BVI,-,2026-01-30,200,Spain,D113/D256,50,6,1,4.98617474,4,0.6232718425,40.11090874845674,1.2033272624537021,0.03,-,-,C3/4,x,,RT/DB,C3/4,4,,,,,,6,C3/4,C3/4,,,
9721692,591492,BVI,-,2026-01-30,300,Spain,D113/D256,50,4,1,6.922181220000001,6,0.8652726525000001,43.338940496562145,0.577852539954162,0.013333333333333334,-,-,,,,RT/DB,C3/4,4,,,,,,4,C3/4,C3/4,,,
9720752,591156,BVI,-,2026-01-16,340,Italy,D113/D256,10,12,2,10.797250154,34,1.34965626925,31.489499191981025,1.111394089128742,0.03529411764705882,x,-,,,,RT/DB,C1,8,,,,,,12,C1,C1,,,
9721689,591187,BVI,-,2026-01-30,210,Poland,D113/D256,7,23,3,9.314484879,30,1.164310609875,22.545530185298396,2.46927235362792,0.10952380952380952,-,-,,,,RT/DB,C2,8,,,,,,15,C1,C2,,,
9721710,591199,BVI,-,2026-01-30,70,France,D113/D256,5,21,3,2.9455782580000003,14,0.36819728225000004,23.764433964667045,7.129330189400114,0.3,-,-,,,,RT/DB,C2,8,,,,,,18,C1,C2,,,
9722224,588366,BVI,-,2026-02-06,7,Denmark,D113/D261,7,28,4,0.4998036134,1,0.062475451675,14.005500985439653,56.02200394175861,4,-,-,,,,RT/DB,Offline,3,,,,,,17,Offline,Offline,,,
9721685,591218,BVI,-,2026-01-30,36,UK,D113/D256,12,25,4,1.623227994,3,0.20290349925,22.178030525020628,15.40141008681988,0.6944444444444444,-,-,,,,DB - UK,C2,8,,,,,,19,C1,C2,,,
9721705,591222,BVI,-,2026-01-30,40,Italy,D113/D256,5,19,3,1.488664348,8,0.1860830435,26.869723892924185,12.763118849138987,0.475,-,-,,,,RT/DB,C1,8,,,,,,18,C1,C1,,,
9721145,591237,BVI,-,2026-01-27,272,Austria,D113/D256,8,20,3,11.9990650656,34,1.4998831332,22.66843279146757,1.66679652878438,0.07352941176470588,-,-,,,,RT/DB,C2,8,,,,,,14,C1,C1,,,
9722147,591265,BVI,-,2026-02-06,160,France,D113/D256,10,10,2,4.6232812800000005,16,0.5779101600000001,34.60745524875354,2.162965953047096,0.0625,-,-,,,,RT/DB,C3/4,4,,,,,,9,C3/4,C1,,,
9721687,591279,BVI,-,2026-01-30,100,Italy,D113/D256,5,10,2,3.35237102,20,0.4190463775,29.829633833310012,2.9829633833310014,0.1,-,-,,,,RT/DB,C1,8,,,,,,10,C1,C1,,,
9722144,591294,BVI,-,2026-02-06,250,France,D113/D256,10,19,3,11.2274751,25,1.4034343875,22.26680511631685,1.6922771888400805,0.076,-,-,,,,RT/DB,C1,8,,,,,,16,C1,C1,,,
9721006,591297,BVI,-,2026-01-23,150,Belgium,D113/D256,5,20,3,6.8872426650000005,30,0.8609053331250001,21.779398127247486,2.9039197502996648,0.13333333333333333,x,-,,,,RT/DB,C2,8,,,,,,19,C1,C1,,,
9722146,591317,BVI,-,2026-02-06,80,Denmark,D113/D256,20,17,3,2.936888912,4,0.367111114,27.23970922874321,5.788438211107931,0.2125,-,-,,,,RT/DB,C1,8,,,,,,13,C1,C1,,,
9721572,591320,BVI,-,2026-01-23,105,Italy,D113/D256,5,15,2,3.687148395,21,0.460893549375,28.477291595420045,4.068184513631435,0.14285714285714285,x,-,,,,RT/DB,C1,8,,,,,,14,C1,C1,,,
9721082,591330,BVI,-,2026-01-22,520,Italy,D113/D256,5,19,3,21.048761708,104,2.6310952135,24.704541160840055,0.9026659270306943,0.03653846153846154,x,-,,,,RT/DB,C1,8,,,,,,19,C1,C1,,,
9721786,591579,BVI,-,2026-01-30,300,Japan,None,50,2,1,2.5042730399999997,6,0.31303412999999997,119.79524405214218,0.7986349603476146,0.006666666666666667,-,-,,,,DB - UK,C3/4,4,,,,,,2,C3/4,C3/4,,,
9721023,591347,BVI,-,2026-01-23,160,France,D113/D256,20,14,2,8.183195504,8,1.022899438,19.552264139576153,1.7108231122129132,0.0875,x,-,,,,RT/DB,C1,8,,,,,,8,C3/4,C1,,,
9720750,591354,BVI,-,2026-01-15,700,France,D113/D256,7,11,2,25.44373552,100,3.18046694,27.511683551724012,0.4323264558128059,0.015714285714285715,x,-,,,,RT/DB,C1,8,,,,,,9,C3/4,C1,,,
9722190,591364,BVI,-,2026-02-06,70,France,D113/D256,5,30,4,4.1643246959999995,14,0.5205405869999999,16.80944813626992,7.204049201258538,0.42857142857142855,-,-,,,,RT/DB,C2,8,,,,,,17,C1,C2,,,
9721790,591366,BVI,-,2026-01-30,105,Italy,D113/D256,5,20,3,4.332735456,21,0.541591932,24.23411285233104,4.616021495682103,0.19047619047619047,-,-,,,,RT/DB,C2,8,,,,,,18,C1,C1,,,
9721062,591367,BVI,-,2026-01-22,340,Spain,D113/D256,10,14,2,13.259342304,34,1.657417788,25.64229749898159,1.0558593087815948,0.041176470588235294,x,-,,,,RT/DB,C1,8,,,,,,13,C1,C1,,,
9722193,591376,BVI,-,2026-02-06,42,Italy,D113/D256,7,17,3,1.592678367,6,0.199084795875,26.370672742364185,10.67384372905217,0.40476190476190477,-,-,,,,RT/DB,C1,8,,,,,,13,C1,C1,,,
9721027,591383,BVI,-,2026-01-23,30,France,D113/D256,5,10,2,0.8901513480000001,6,0.11126891850000001,33.70213398811816,11.234044662706054,0.3333333333333333,x,-,,,,RT/DB,C1,8,,,,,,9,C3/4,C1,,,
9721035,591387,BVI,-,2026-01-23,35,Italy,D113/D256,5,16,2,1.2864475715,7,0.1608059464375,27.20670532977099,12.43735100789531,0.45714285714285713,x,-,,,,RT/DB,C1,8,,,,,,12,C1,C1,,,
9721809,591406,BVI,-,2026-01-30,203,Italy,D113/D256,7,13,2,6.7114050052,29,0.83892562565,30.24701978836257,1.9370012672350416,0.06403940886699508,-,-,,,,RT/DB,C1,8,,,,,,10,C1,C1,,,
9721804,591428,BVI,-,2026-01-30,60,Italy,D113/D256,10,15,2,2.378840262,6,0.29735503275,25.222374515199792,6.305593628799948,0.25,-,-,,,,RT/DB,C1,8,,,,,,13,C1,C1,,,
9722099,588718,BVI,-,2026-02-03,120,Germany,D120,40,5,1,2.8102495679999997,3,0.35128119599999996,42.70083389262886,1.7792014121928692,0.041666666666666664,-,-,,,,RT/DB,No Info,8,,,,,,5,C3/4,C3/4,,,
9722266,588509,BVI,-,2026-02-06,16,Sweden,D113/D256,16,13,2,0.5536577072,1,0.0692072134,28.898721704636646,23.480211385017274,0.8125,-,-,,,,RT/DB,Offline,3,,,,,,8,Offline,Offline,,,
9721583,591467,BVI,-,2026-01-22,492,Italy,D113/D256,12,15,2,17.074096366800003,41,2.1342620458500003,28.815580598260954,0.8785237987274681,0.03048780487804878,x,-,,,,RT/DB,C1,8,,,,,,14,C1,C1,,,
9721044,591469,BVI,-,2026-01-23,130,France,D113/D256,5,15,2,4.880591729000001,26,0.6100739661250001,26.636114475126583,3.0733978240530675,0.11538461538461539,x,-,,,,RT/DB,C1,8,,,,,,14,C1,C1,,,
9722242,588529,BVI,-,2026-02-06,17,France,D113/D256,17,19,3,0.6740047409,1,0.0842505926125,25.222374515199796,28.189712693458596,1.1176470588235294,-,-,,,,RT/DB,Offline,3,,,,,,12,Offline,Offline,,,
9722353,588610,BVI,-,2026-02-06,10,Germany,D113/D260,10,48,6,0.937984683,1,0.117248085375,10.661154900756518,51.17354352363129,4.8,-,-,,,,RT/DB,Offline,3,,,,,,17,Offline,Offline,,,
9722236,590111,BVI,-,2026-02-06,40,Japan,D113/D256,20,7,1,0.97699156,2,0.122123945,40.94201182249722,7.164852068937013,0.175,-,-,,,,DB - UK,C3/4,4,,,,,,7,C3/4,C3/4,,,
9721081,591531,BVI,-,2026-01-23,120,Italy,D113/D256,10,15,2,4.2612802080000005,12,0.5326600260000001,28.160551323218684,3.5200689154023355,0.125,x,-,,,,RT/DB,C1,8,,,,,,13,C1,C1,,,
9721038,591549,BVI,-,2026-01-23,60,France,D113/D256,10,16,2,2.202666684,6,0.2753333355,27.23970922874321,7.263922460998189,0.26666666666666666,x,-,,,,RT/DB,C1,8,,,,,,16,C1,C1,,,
9721784,591564,BVI,-,2026-01-30,60,France,D113/D256,5,16,2,2.1808916160000003,12,0.27261145200000003,27.51168355172401,7.336448947126402,0.26666666666666666,-,-,,,,RT/DB,C1,8,,,,,,11,C1,C1,,,
9722352,590370,BVI,-,2026-02-06,200,France,D120,50,5,1,4.520108560000001,4,0.5650135700000001,44.246724906093846,1.106168122652346,0.025,-,-,,,,RT/DB,C3/4,4,,,,,,5,C3/4,C3/4,,,
9722141,591125,BVI,-,2026-02-06,75,Germany,D120,15,8,1,1.9043003475,5,0.2380375434375,39.38454356659723,4.2010179804370384,0.10666666666666667,-,-,,,,RT/DB,C3/4,4,,,,,,8,C3/4,C3/4,,,
9721793,591580,BVI,-,2026-01-28,64,Belgium,D113/D256,4,48,6,5.4344993728,16,0.6793124216,11.776613742992389,8.832460307244292,0.75,-,-,,,,RT/DB,C2,8,,,,,,19,C1,C2,,,
9721069,591583,BVI,-,2026-01-23,325,France,D113/D256,5,15,2,11.945584592500001,65,1.4931980740625002,27.20670532977099,1.2556940921432764,0.046153846153846156,x,-,,,,RT/DB,C1,8,,,,,,14,C1,C1,,,
9722315,588651,BVI,-,2026-02-06,25,Spain,D113/D265,25,5,1,0.598905495,1,0.074863186875,41.74281286231979,8.348562572463958,0.2,-,-,,,,RT/DB,Offline,3,,,,,,5,Offline,Offline,,,
9722140,591138,BVI,-,2026-02-06,160,Spain,D113/D256,40,9,2,4.456202544,4,0.557025318,35.905010694684435,2.019656851576,0.05625,-,-,,,,RT/DB,C3/4,4,,,,,,7,C3/4,C3/4,,,
9720793,591602,BVI,-,2026-01-16,320,Italy,D113/D256,10,16,2,11.747555648,32,1.468444456,27.23970922874321,1.3619854614371603,0.05,x,-,,,,RT/DB,C1,8,,,,,,14,C1,C1,,,
9721811,591604,BVI,-,2026-01-30,72,Italy,D113/D256,12,11,2,2.1585451824,6,0.2698181478,33.355799353686024,5.096024901257587,0.1527777777777778,-,-,,,,RT/DB,C3/4,4,,,,,,8,C3/4,C1,,,
9722306,588682,BVI,-,2026-02-06,5,Italy,D113/D265,5,25,4,0.229549089,1,0.028693636125,21.78183334023164,108.9091667011582,5,-,-,,,,RT/DB,Offline,3,,,,,,19,Offline,Offline,,,
9722197,591571,BVI,-,2026-02-06,140,Belgium,D113/D256,20,7,1,3.6099758939999997,7,0.45124698674999997,38.781422400268255,1.9390711200134125,0.05,-,-,,,,RT/DB,C3/4,4,,,,,,7,C3/4,C3/4,,,
9721138,591645,BVI,-,2026-01-27,60,Austria,D113/D256,10,19,3,2.378840262,6,0.29735503275,25.222374515199792,7.987085263146601,0.31666666666666665,-,-,,,,RT/DB,C1,8,,,,,,13,C1,C1,,,
9722155,591622,BVI,-,2026-02-06,210,Italy,D120,30,5,1,5.030806158,7,0.62885076975,41.74281286231979,0.9938764967218998,0.023809523809523808,-,-,,,,RT/DB,C3/4,4,,,,,,5,C3/4,C3/4,,,
9721722,591667,BVI,-,2026-01-30,70,Italy,D120,5,15,2,2.572895143,14,0.321611892875,27.20670532977099,5.830008284950926,0.21428571428571427,-,-,,,,RT/DB,C1,8,,,,,,12,C1,C1,,,
9721046,591674,BVI,-,2026-01-23,140,Italy,D113/D256,7,12,2,4.496578296,20,0.562072287,31.134785337673122,2.668695886086268,0.08571428571428572,x,-,,,,RT/DB,C1,8,,,,,,11,C1,C1,,,
9721724,591675,BVI,-,2026-01-30,112,Italy,D113/D256,7,12,2,3.5972626368,16,0.4496578296,31.134785337673122,3.3358698576078347,0.10714285714285714,-,-,,,,RT/DB,C1,8,,,,,,11,C1,C1,,,
9721083,591693,BVI,-,2026-01-23,196,Sweden,D113/D256,7,23,3,10.5518935536,28,1.3189866942,18.57486516561101,2.1797035653523125,0.11734693877551021,x,-,,,,RT/DB,C2,8,,,,,,15,C1,C2,,,
9720769,591726,BVI,-,2026-01-16,380,Ireland,D113/D256,20,11,2,11.887215936,19,1.485901992,31.967115096242498,0.9253638580491249,0.02894736842105263,x,-,,,,RT/DB,C3/4,4,,,,,,9,C3/4,C1,,,
9722202,591946,BVI,-,2026-02-06,200,Spain,D113/D256,40,5,1,4.97123082,5,0.6214038525,40.23148536884876,1.005787134221219,0.025,-,-,,,,RT/DB,C3/4,4,,,,,,5,C3/4,C3/4,,,
9719041,591730,BVI,-,2026-01-19,560,Austria,D113/D256,8,14,2,20.583161144,70,2.572895143,27.20670532977099,0.6801676332442748,0.025,x,-,,,,RT/DB,C1,8,,,,,,13,C1,C1,,,
9721772,591736,BVI,-,2026-01-29,336,France,D113/D256,8,22,3,13.850576678400001,42,1.7313220848000002,24.258917718855173,1.5883815173059934,0.06547619047619048,-,-,,,,RT/DB,C2,8,,,,,,14,C1,C2,,,
9721063,591737,BVI,-,2026-01-23,145,France,D113/D256,5,15,2,5.329568510500001,29,0.6661960638125001,27.20670532977099,2.8144867582521713,0.10344827586206896,x,-,,,,RT/DB,C1,8,,,,,,13,C1,C1,,,
9722316,588683,BVI,-,2026-02-06,10,Italy,D113/D265,10,21,3,0.41221954400000005,1,0.051527443000000006,24.25891771885517,50.943727209595856,2.1,-,-,,,,RT/DB,Offline,3,,,,,,17,Offline,Offline,,,
9721058,591799,BVI,-,2026-01-23,215,Italy,D113/D256,5,20,3,8.871791648,43,1.108973956,24.23411285233104,2.2543360792866087,0.09302325581395349,x,-,,,,RT/DB,C2,8,,,,,,18,C1,C1,,,
9722338,588772,BVI,-,2026-02-06,10,France,D113/D256,10,16,2,0.541500475,1,0.067687559375,18.467204483984986,29.54752717437598,1.6,-,-,,,,RT/DB,Offline,3,,,,,,13,Offline,Offline,,,
9722180,591849,BVI,-,2026-02-06,160,France,D113/D256,8,16,2,6.479995504,20,0.809999438,24.691375156238074,2.469137515623807,0.1,-,-,,,,RT/DB,C1,8,,,,,,12,C1,C1,,,
9721010,591862,BVI,-,2026-01-23,125,France,D113/D256,5,20,3,5.39855335,25,0.67481916875,23.154351155944397,3.7046961849511035,0.16,x,-,,,,RT/DB,C2,8,,,,,,16,C1,C1,,,
9722259,590171,BVI,-,2026-02-06,20,France,D113/D256,10,16,2,0.735175214,2,0.09189690175,27.204399195101267,21.763519356081012,0.8,-,-,,,,RT/DB,Offline,3,,,,,,11,Offline,Offline,,,
9721142,591900,BVI,-,2026-01-27,60,Belgium,D113/D256,6,17,3,2.572778292,10,0.3215972865,23.32109229410429,6.6076428166628824,0.2833333333333333,-,-,,,,RT/DB,C1,8,,,,,,15,C1,C1,,,
9721051,591901,BVI,-,2026-01-23,119,France,D113/D256,7,22,3,5.0219921612,17,0.62774902015,23.695775736050745,4.3807316486816505,0.18487394957983194,x,-,,,,RT/DB,C2,8,,,,,,11,C1,C2,,,
9722173,591905,BVI,-,2026-02-06,119,Denmark,D113/D256,7,14,2,4.5914598954,17,0.573932486925,25.917682547814767,3.0491391232723255,0.11764705882352941,-,-,,,,RT/DB,C1,8,,,,,,14,C1,C1,,,
9715572,591927,BVI,-,2025-12-23,400,UK,D113/D256,20,13,2,12.345717520000001,20,1.5432146900000001,32.399898940827214,1.0529967155768845,0.0325,x,-,,,,DB - UK,C1,8,,,,,,12,C1,C1,,,
9718851,591937,BVI,-,2026-01-15,344,France,D113/D256,8,15,2,13.2727916304,43,1.6590989538,25.917682547814767,1.1301315064454114,0.0436046511627907,x,-,,,,RT/DB,C1,8,,,,,,12,C1,C1,,,
9721104,591939,BVI,-,2026-01-23,190,Italy,D113/D256,5,29,4,11.161925193,38,1.395240649125,17.022153142466415,2.5981181112185583,0.15263157894736842,x,-,,,,RT/DB,C2,8,,,,,,23,C2,C2,,,
9722376,590897,BVI,-,2026-02-10,200,Japan,D120,50,4,1,4.48229298,4,0.5602866225,44.62001946155692,0.8924003892311385,0.02,-,-,,,,DB - UK,C3/4,4,,,,,,4,C3/4,C3/4,,,
9721813,591948,BVI,-,2026-01-30,60,Spain,D113/D256,5,18,3,2.347155324,12,0.2933944155,25.562858745005663,7.668857623501698,0.3,-,-,,,,RT/DB,C1,8,,,,,,18,C1,C1,,,
9721818,591954,BVI,-,2026-01-30,80,Spain,D113/D256,5,16,2,3.0034410640000004,16,0.37543013300000005,26.636114475126583,5.327222895025317,0.2,-,-,,,,RT/DB,C1,8,,,,,,15,C1,C1,,,
9721832,591960,BVI,-,2026-01-30,42,Belgium,D113/D256,7,11,2,1.4884251480000004,6,0.18605314350000005,28.21774414147428,7.390361560862312,0.2619047619047619,-,-,,,,RT/DB,C3/4,4,,,,,,10,C1,C1,,,
9722226,590188,BVI,-,2026-02-06,10,UK,D120,10,12,2,0.2991432,1,0.0373929,33.428806003278694,40.114567203934435,1.2,-,-,,,,DB - UK,Offline,3,,,,,,12,Offline,Offline,,,
9721825,591985,BVI,-,2026-01-30,36,UK,D113/D256,9,20,3,1.4552813088,4,0.1819101636,24.737485311128594,13.743047395071443,0.5555555555555556,-,-,,,,DB - UK,C1,8,,,,,,17,C1,C1,,,
9721086,591995,BVI,-,2026-01-23,304,Spain,D113/D256,8,10,2,8.699692457600001,38,1.0874615572000002,34.943763987246165,1.1494659206330975,0.03289473684210526,x,-,,,,RT/DB,C1,8,,,,,,7,C3/4,C1,,,
9721094,591996,BVI,-,2026-01-23,231,Spain,D113/D256,7,10,2,6.6106215714,33,0.826327696425,34.943763987246165,1.5127170557249423,0.04329004329004329,x,-,,,,RT/DB,C3/4,4,,,,,,7,C3/4,C1,,,
9721004,592008,BVI,-,2026-01-23,272,Belgium,D113/D256,8,18,3,10.2116996176,34,1.2764624522,26.636114475126586,1.7626840461480828,0.0661764705882353,x,-,,,,RT/DB,C1,8,,,,,,13,C1,C1,,,
9722273,590850,BVI,-,2026-02-06,12,Italy,D113/D256,12,12,2,0.37614383760000003,1,0.047017979700000004,31.902689345029426,31.902689345029426,1,-,-,,,,RT/DB,Offline,3,,,,,,12,Offline,Offline,,,
9722211,592010,BVI,-,2026-02-05,287,Belgium,D113/D256,7,22,3,12.069748034400002,41,1.5087185043000002,23.778458272867088,1.8227389616831915,0.07665505226480836,-,-,,,,RT/DB,C2,8,,,,,,18,C1,C2,,,
9721103,591616,BVI,-,2026-02-06,14,Belgium,D113/D256,7,19,3,0.5666974306,2,0.070837178825,24.704541160840055,33.52759157542579,1.3571428571428572,-,-,,,,RT/DB,Offline,3,,,,,,15,Offline,Offline,,,
9721463,592023,BVI,-,2026-01-15,564,Denmark,D113/D256,12,17,3,21.1479448404,47,2.64349310505,26.66925813625927,0.803860617582283,0.030141843971631204,x,-,,,,RT/DB,C1,8,,,,,,13,C1,C1,,,
9722182,591762,BVI,-,2026-02-06,7,Belgium,D113/D256,7,19,3,0.320178985,1,0.040022373125,21.862771536988912,59.341808457541326,2.7142857142857144,-,-,,,,RT/DB,Offline,3,,,,,,14,Offline,Offline,,,
9718775,592029,BVI,-,2026-01-13,1800,UK,D113/D256,10,19,3,71.36520786,180,8.9206509825,25.222374515199796,0.26623617543822004,0.010555555555555556,x,-,,,,DB - UK,C1,8,,,,,,18,C1,C1,,,
9721735,592044,BVI,-,2026-01-30,32,Belgium,D113/D256,8,23,3,1.6223489472000001,4,0.20279361840000001,19.72448655711742,14.176974712928144,0.71875,-,-,,,,RT/DB,No Info,8,,,,,,18,C1,C2,,,
9722394,588941,BVI,-,2026-02-10,28,Austria,D113/D256,7,20,3,1.230663686,4,0.15383296075,22.751951096410266,16.25139364029305,0.7142857142857143,-,-,,,,RT/DB,Offline,3,,,,,,12,Offline,Offline,,,
9722106,NS58935699,BVI,-,2026-02-04,108,UK,D113/D256,12,10,2,6.0173006760000005,9,0.7521625845000001,17.948247198408737,1.6618747405934013,0.09259259259259259,-,-,,,,DB - PB,No Info,8,,,,,,10,C1,C1,,,
9715445,NS59021699,BVI,-,2025-12-02,30,France,D113/D256,10,18,3,1.619065614,3,0.20238320175,18.529205821302806,11.117523492781684,0.6,x,-,,,,DB - PB,C1,8,,,,,,13,C1,C1,,,
9721841,NS59092999,BVI,-,2026-01-30,30,UK,D113/D256,10,24,3,1.305669555,3,0.163208694375,22.97671710664955,18.381373685319637,0.8,-,-,,,,DB - PB,C2,8,,,,,,22,C2,C2,,,
9722213,NS59175299,BVI,-,2026-02-06,50,Italy,D113/D256,5,24,3,2.23799502,10,0.2797493775,22.34142594294066,10.723884452611516,0.48,-,-,,,,DB - PB,C2,8,,,,,,19,C1,C2,,,
